Activity,URL,,,,
A_Substructure,,,,,
A10_Foundations,,,,,
A1010_Standard Foundations,,,,,
A1010.10_Wall Foundations,https://house-c.blogspot.com/2013/02/20.html,,,,
A1010.10_Wall Foundations,https://wetbasements.com/what-is-a-foundation-wall/,,,,
A1010.10_Wall Foundations,https://www.liveabout.com/how-to-build-foundation-walls-845114,,,,
A1010.10_Wall Foundations,https://www.self-build.co.uk/types-house-foundation/,,,,
A1010.10_Wall Foundations,https://media.angi.com/s3fs-public/foundation-wall-600287941.jpeg,,,,
A1010.10_Wall Foundations,https://www.finehomebuilding.com/project-guides/foundations-and-masonry-work/forming-and-pouring-foundations,,,,
A1010.10_Wall Foundations,https://goodtopssm.life/product_details/23578872.html,,,,
A1010.30_Column Foundations,https://dreamcivil.com/column-footing-size/,,,,
A1010.30_Column Foundations,https://c-photo.i-part.com.tw/n1v1/9/2/1/1/1971129/photo/book21/13319702968127.jpg,,,,
A1010.30_Column Foundations,https://barrettcontracting.com/foundation-pouring/types-of-foundation-footings/,,,,
A1010.30_Column Foundations,https://www.facebook.com/CivilEngCom/posts/single-column-footing/8847571975283597/,,,,
A1010.30_Column Foundations,https://plasticinehouse.com/types-of-footings-in-construction/,,,,
A1010.30_Column Foundations,https://www.quora.com/What-is-a-column-foundation,,,,
A1010.90_Standard Foundation Supplementary Components,,,,,
A1020_Special Foundations,,,,,
A1020.10_Driven Piles,https://morrisshea.com/portfolio-item/driven_pile/,,,,
A1020.10_Driven Piles,https://morrisshea.com/portfolio-item/driven_pile/,,,,
A1020.10_Driven Piles,https://www.designingbuildings.co.uk/wiki/Bored_piles,,,,
A1020.10_Driven Piles,https://morrisshea.com/portfolio-item/driven_pile/,,,,
A1020.10_Driven Piles,https://pilebuck.com/pile-driving-by-pile-buck/chapter-5-installation-driven-piles/,,,,
A1020.10_Driven Piles,https://junttan.com/junttan-pmx27-at-nikolinehus-project-in-denmark/,,,,
A1020.10_Driven Piles,https://www.iceusa.com/blog/2021-03/,,,,
A1020.15_Bored Piles,https://www.skanska.co.uk/expertise/specialist-capability/piling-foundations-and-ground-engineering/piling-diaphragm-walling-and-ground-engineering/bored-piling-and-rotary-bored-piling/,,,,
A1020.15_Bored Piles,https://www.pilingexperts.com.au/when-is-bored-piling-used/,,,,
A1020.15_Bored Piles,https://www.gel.co.th/gel-products/bored-pile/,,,,
A1020.15_Bored Piles,https://bowlinggroup.co.nz/bored-piles/,,,,
A1020.15_Bored Piles,https://themethodstatement.com/method-statement-of-bored-piles/,,,,
A1020.20_Caissons,https://civiltoday.com/geotechnical-engineering/foundation-engineering/deep-foundation/152-caisson-foundationn,,,,
A1020.20_Caissons,https://etermar.com/en/servicos/port-works/fabrico-de-caixotoes,,,,
A1020.20_Caissons,https://etermar.com/en/servicos/port-works/fabrico-de-caixotoes,,,,
A1020.20_Caissons,https://theconstructor.org/geotechnical/caisson-types-construction-advantages/503/,,,,
A1020.20_Caissons,https://www.britannica.com/technology/caisson,,,,
A1020.20_Caissons,https://lassiterexcavating.com/blog/benefits-of-caisson-drilling/,,,,
A1020.20_Caissons,https://www.supremeindustries.com/application/files/2616/1471/3298/vibratory_caisson_foundations_our_services.jpg,,,,
A1020.20_Caissons,https://www.supremeindustries.com/services/drilling/vibratory-caisson-foundations,,,,
A1020.30_Special Foundation Walls,,,,,
A1020.40_Foundation Anchors,https://www.metalconstructionnews.com/articles/the-facts-about-foundation-anchor-bolts/,,,,
A1020.40_Foundation Anchors,https://www.ehow.com/info_12210592_foundation-anchor-bolt-requirements.html,,,,
A1020.40_Foundation Anchors,https://m.indiamart.com/proddetail/anchor-foundation-bolts-11783490597.html,,,,
A1020.40_Foundation Anchors,https://www.yuehda.com/product_1553718.html,,,,
A1020.40_Foundation Anchors,https://www.pinterest.com/pin/497436721337129009/,,,,
A1020.40_Foundation Anchors,https://www.metalconstructionnews.com/articles/the-facts-about-foundation-anchor-bolts/,,,,
A1020.50_Underpinning,https://halebuilt.com/service/underpinning/,,,,
A1020.50_Underpinning,https://basementmasterswaterproofing.com/underpinning/,,,,
A1020.50_Underpinning,https://theconstructor.org/building/underpinning-methods-procedure-applications/14480/,,,,
A1020.50_Underpinning,https://www.hensonarchitect.com/what-is-underpinning/,,,,
A1020.50_Underpinning,https://structuralbuildersinliverpool.co.uk/liverpool-structural-builders/underpinning-foundations-liverpool/,,,,
A1020.50_Underpinning,https://pacifichelix.com/portfolio_page/helical-underpinning/,,,,
A1020.50_Underpinning,https://amconlimited.com/productcategory/underpinning-systems/,,,,
A1020.60_Raft Foundations,https://constructionheadline.com/raft-foundation/,,,,
A1020.60_Raft Foundations,https://www.quora.com/What-are-raft-foundations,,,,
A1020.60_Raft Foundations,https://gharpedia.com/blog/raft-foundation-types-advantages-disadvantages/,,,,
A1020.60_Raft Foundations,https://gharpedia.com/blog/raft-foundation-types-advantages-disadvantages/,,,,
A1020.60_Raft Foundations,https://www.norxin.com.tw/news_view.php?id=19,,,,
A1020.70_Pile Caps,https://structurescentre.com/designing-a-pile-cap-to-eurocode/,,,,
A1020.70_Pile Caps,https://www.sketchup3dconstruction.com/const/pile-cap-design.html,,,,
A1020.70_Pile Caps,https://en.wikipedia.org/wiki/Pile_cap,,,,
A1020.70_Pile Caps,https://www.fullcome.com.tw/product/ProductDetail.asp?ID2=34508,,,,
A1020.70_Pile Caps,https://www.highwayguide.co.in/method-statement-of-pile-cap/,,,,
A1020.70_Pile Caps,https://stock.adobe.com/images/pile-cap-is-part-of-building-substructure-and-foundation/94220890,,,,
A1020.70_Pile Caps,https://stock.adobe.com/search?k=%22pile+cap%22,,,,
A1020.80_Grade Beams,https://www.capecodhemphouse.com/post/grade-beams-and-piers-to-hold-up-the-house,,,,
A1020.80_Grade Beams,https://learnnaturalbuilding.com/blog/what-is-grade-beam-foundation/,,,,
A1020.80_Grade Beams,https://learnnaturalbuilding.com/blog/what-is-grade-beam-foundation/,,,,
A1020.80_Grade Beams,https://www.oysterworks.net/helical-pile-and-grade-beam-foundation/,,,,
A1020.80_Grade Beams,https://www.newwisdom236.com/post/2020/09/24%E5%9F%BA%E7%A4%8E%E5%9C%B0%E6%A2%81%E6%B7%B7%E5%87%9D%E5%9C%9F%E6%BE%86%E7%BD%AE-%E7%A4%BE%E5%8D%80%E5%9E%8B,,,,
A20_Subgrade Enclosures,,,,,
A2010_Walls for Subgrade Enclosures,https://www.icfmag.com/2006/04/foolproof-waterproofing-for-below-grade-walls/,,,,
A2010_Walls for Subgrade Enclosures,https://blog.udn.com/xypex/3890132,,,,
A2010_Walls for Subgrade Enclosures,https://www.constructionspecifier.com/constructing-basements-receive-waterproofing/,,,,
A2010_Walls for Subgrade Enclosures,https://www.archi.net.tw/tw/company/80588/project-detail-95908.html,,,,
A2010_Walls for Subgrade Enclosures,http://www.hongjei.com/a01_6.php,,,,
A2010.10_Subgrade Enclosure Wall Construction,,,,,
A2010.20_Subgrade Enclosure Wall Interior Skin,,,,,
A2010.90_Subgrade Enclosure Wall Supplementary Components,,,,,
A40_Slabs-On-Grade,https://www.ecohome.net/guides/2280/slab-on-grade-construction-step-by-step-guide/,,,,
A40_Slabs-On-Grade,https://media.angi.com/s3fs-public/slab-on-grade-foundation-construction-199291024.jpeg,,,,
A40_Slabs-On-Grade,https://www.ecohome.net/guides/slab-grade/,,,,
A40_Slabs-On-Grade,https://www.posttensioning.co.nz/page/slab-on-grade/,,,,
A40_Slabs-On-Grade,https://www.ecohome.net/guides/2279/slab-on-grade-technical-guide/,,,,
A40_Slabs-On-Grade,https://s3da-design.com/slab-on-grade-foundations-and-their-application/,,,,
A40_Slabs-On-Grade,https://www.structuralsciences.com/slab-on-grade-foundation-stabilization-structural-vs-non-structural/,,,,
A40_Slabs-On-Grade,https://joyear.com/?md=index&cl=build&at=schedule&id=486&build_id=52,,,,
A40_Slabs-On-Grade,https://www.forconstructionpros.com/concrete/article/21061549/prepping-placing-finishing-medium-to-large-concrete-slab-on-grade,,,,
A40_Slabs-On-Grade,https://fibran.de/en/solutions/floors-and-ceilings/slab-on-grade/,,,,
A40_Slabs-On-Grade,https://theconstructor.org/structural-engg/slab-on-ground-construction-design/17421/,,,,
A40_Slabs-On-Grade,https://www.long-ting.com.tw/Crafts/Detail/2,,,,
A4010_Standard Slabs-on-Grade,,,,,
A4020_Structural Slabs-on-Grade,,,,,
A4030_Slab Trenches,https://www.thirdistudio.com.au/Concrete_Slab_Photo_Diary_Construction_Trenches.html,,,,
A4030_Slab Trenches,https://profengineering.com/why-you-need-a-relief-trench/,,,,
A4030_Slab Trenches,https://24r.co.uk/dig-for-the-trenches-and-slab/,,,,
A4030_Slab Trenches,https://anchorfoundationrepair.net/blog/slab-foundation-how-made/,,,,
A4030_Slab Trenches,https://www.jlconline.com/how-to/foundations/a-pier-and-beam-foundation-the-jersey-way_o,,,,
A4040_Pits and Bases,,,,,
A4090_Slab-On-Grade Supplementary Components,,,,,
A4090.10_Perimeter Insulation,,,,,
A4090.20_Vapor Retarder,https://www.wrmeadows.com/blog/5-reasons-your-building-needs-a-vapor-barrier/,,,,
A4090.20_Vapor Retarder,https://www.forconstructionpros.com/concrete/article/21069732/selecting-and-installing-vapor-retarders-under-concrete-floors,,,,
A4090.20_Vapor Retarder,https://www.wrmeadows.com/white-paper-under-slab-vapor-barriers-retarders/,,,,
A4090.20_Vapor Retarder,https://www.reefindustries.com/under-slab-vapor-retarders.php,,,,
A4090.20_Vapor Retarder,https://www.concretenetwork.com/vapor-barriers/installation.html,,,,
A4090.20_Vapor Retarder,https://www.jlconline.com/how-to/foundations/detailing-a-sub-slab-vapor-barrier_o,,,,
A4090.30_Waterproofing,https://kindbuildingservices.com/wp-content/uploads/2021/08/Cementitious-waterproofing.png,,,,
A4090.30_Waterproofing,https://www.understandconstruction.com/waterproofing-membranes.html,,,,
A4090.30_Waterproofing,https://www.shutterstock.com/search/waterproofing-slab,,,,
A4090.30_Waterproofing,https://www.wrmeadows.com/blog/versatile-easy-to-use-hydralastic-836-for-cold-applied-waterproofing/,,,,
A4090.30_Waterproofing,https://www.dreamstime.com/waterproofing-membrane-applied-construction-workers-top-concrete-slab-kuala-lumpur-malaysia-july-waterproofing-membrane-image220125117,,,,
A4090.50_Mud Slab,,,,,
A4090.60_Subbase Layer,,,,,
A60_Water and Gas Mitigation,,,,,
A6010_Building Subdrainage,https://hughesconstructionco.com/services/drainage/,,,,
A6010_Building Subdrainage,https://www.auckland.plumbing/foundations-ready-underslab-drainage/,,,,
A6010_Building Subdrainage,https://forum.buildhub.org.uk/topic/18507-under-slab-drainage-pictures/,,,,
A6010_Building Subdrainage,https://www.plumbingsolutionsllc.com/slab-under-plumbing/,,,,
A6010_Building Subdrainage,https://www.structuredfoundation.com/blog/the-basics-of-proper-foundation-drainage/,,,,
A6010.10_Foundation Drainage,,,,,
A6010.20_Underslab Drainage,,,,,
A6020_Off-Gassing Mitigation,,,,,
A6020.10_Radon Mitigation,,,,,
A6020.50_Methane Mitigation,,,,,
A90_Substructure Related Activities,,,,,
A9010_Substructure Excavation,,,,,
A9010.10_Backfill and Compaction,https://safetyculture.com/topics/backfilling/,,,,
A9010.10_Backfill and Compaction,https://www.prodyogi.com/2021/09/what-is-backfilling-in-construction.html,,,,
A9010.10_Backfill and Compaction,https://methodstatementhq.com/method-of-soil-backfill-of-trenches.html#google_vignette,,,,
A9010.10_Backfill and Compaction,https://www.facebook.com/259973990840433/posts/what-is-backfillingin-construction-backfilling-is-the-process-of-replacing-or-re/1322984717872683/,,,,
A9010.10_Backfill and Compaction,https://bartleycorp.com/bartley-corp-blog/backfill-matters/,,,,
A9010.10_Backfill and Compaction,https://www.howimportant.com/important-soil-compaction-construction-2/,,,,
A9010.10_Backfill and Compaction,https://www.cat.com/en_US/articles/ci-articles/vibratory-soil-compactor-selection-guide.html,,,,
A9020_Construction Dewatering,https://www.sulzer.com/en/shared/applications/dewatering-methods,,,,
A9020_Construction Dewatering,https://fr.hcppump.com/show/germany-construction-dewatering.htm,,,,
A9020_Construction Dewatering,https://floridapumpingsolutions.com/construction-dewatering-what-it-is-and-why-its-important/,,,,
A9020_Construction Dewatering,https://constructionmentor.net/dewatering/,,,,
A9020_Construction Dewatering,https://www.aquatechdewatering.com/solutions/construction-dewatering,,,,
A9030_Excavation Support,,,,,
A9030.10_Anchor Tiebacks,https://www.hubbell.com/chancefoundationsolutions/en/solutions/commercial-industrial/tieback,,,,
A9030.10_Anchor Tiebacks,https://www.geoengineer.org/news/3-advantages-of-helical-tiebacks-vs-conventional-grouted-tendon-methods,,,,
A9030.10_Anchor Tiebacks,https://en.wikipedia.org/wiki/Tieback_%28geotechnical%29,,,,
A9030.10_Anchor Tiebacks,https://www.schnabel.com/services/tiebacks/,,,,
A9030.10_Anchor Tiebacks,https://www.straightlinepier.com/tieback,,,,
A9030.10_Anchor Tiebacks,https://www.thedriller.com/articles/91592-contractor-takes-on-tieback-job-at-mixed-use-development,,,,
A9030.20_Cofferdams,https://eddypump.com/education/cofferdam-construction-using-dredge-pumps,,,,
A9030.20_Cofferdams,https://pilebuck.com/cellular-cofferdams-vital-marine-construction/,,,,
A9030.20_Cofferdams,https://theconstructor.org/water-resources/types-of-cofferdams-construction-details/13807/,,,,
A9030.20_Cofferdams,https://www.waterwaysjournal.net/2020/12/31/kentucky-lock-cofferdam-nears-completion/,,,,
A9030.20_Cofferdams,https://dawsonwam.co.uk/projects/london-bp4-cofferdam-canary-wharf,,,,
A9030.40_Cribbing and Walers,https://www.alignable.com/calgary-ab/lmb-commercial-and-residential-construction/commercial-concrete-foundation-forming-cribbing,,,,
A9030.40_Cribbing and Walers,https://www.eng-tips.com/viewthread.cfm?qid=487520#google_vignette,,,,
A9030.40_Cribbing and Walers,https://www.constructionspecifier.com/constructing-basements-receive-waterproofing/,,,,
A9030.40_Cribbing and Walers,https://www.constructionspecifier.com/constructing-basements-receive-waterproofing/,,,,
A9030.40_Cribbing and Walers,https://www.triformconcrete.com/project/residential-custom-cribbing/,,,,
A9030.60_Ground Freezing,https://www.gas.linde.co.th/en/industries/construction_infrastructure/ground-freezing/ground-freezing.html,,,,
A9030.60_Ground Freezing,https://theconstructor.org/geotechnical/ground-freezing-technique/16944/,,,,
A9030.60_Ground Freezing,https://groundfreezing.com/ground-freezing-in-construction/,,,,
A9030.60_Ground Freezing,https://www.geoengineer.org/news/keller-implements-ground-freezing-technique-in-new-yorks-major-tunnel-project,,,,
A9030.60_Ground Freezing,https://en.vsf.nl/en/foundations/soil-improvement/ground-freezing,,,,
A9030.70_Slurry Walls,https://www.pumyangenc.co.kr/?page_id=33386616&ckattempt=1&lang=en,,,,
A9030.70_Slurry Walls,https://www.techbang.com/posts/109469-what-is-a-continuous-wall,,,,
A9030.70_Slurry Walls,https://en.istasazeh-co.com/what-is-a-diaphragm-wall-or-slurry-wall/,,,,
A9030.70_Slurry Walls,https://honor-home.com.tw/project/3/progress/27/detail,,,,
A9030.70_Slurry Walls,https://b10.beauty/diaphragm-wall-guide-wall,,,,
A9030.70_Slurry Walls,https://www.petrifond.com/en-service-diaphragm-wall-slurry-walls,,,,
A9040_Soil Treatment,,,,,
B_Shell,,,,,
B10_Superstructure,,,,,
B1010_Floor Construction,,,,,
B1010.10_Floor Structural Frame,https://www.instructables.com/How-to-Build-a-Floor-for-a-House/,,,,
B1010.10_Floor Structural Frame,https://architecture.tulane.edu/news/completing-RMH-structural-repairs,,,,
B1010.10_Floor Structural Frame,https://architecture.tulane.edu/news/completing-RMH-structural-repairs,,,,
B1010.10_Floor Structural Frame,https://pacific-homes.com/a-guide-to-choosing-your-floor-framing-system/,,,,
B1010.10_Floor Structural Frame,https://craftedworkshop.com/blog/floor-framing-not-so-tiny-house-build-part-4,,,,
B1010.10_Floor Structural Frame,https://www.steelconstruction.info/Floor_systems,need to add steel structural frame as well?,,,
B1010.20_Floor Decks Slabs and Toppings,https://blog.metaldeck.com/pan-decking-definition-cost-alternatives,,,,
B1010.20_Floor Decks Slabs and Toppings,https://smdltd.co.uk/why-use-composite-construction/,,,,
B1010.20_Floor Decks Slabs and Toppings,https://barchip.com/metal-deck-pittsburgh/,,,,
B1010.20_Floor Decks Slabs and Toppings,https://www.safeguardeurope.com/applications/floor-slabs-new,,,,
B1010.20_Floor Decks Slabs and Toppings,https://www.knoxvilleconcretecontractorsco.com/concrete-slab,,,,
B1010.20_Floor Decks Slabs and Toppings,https://metaldecking.com/news/how-to-fasten-metal-deck/,More work action on metal deck,,,
B1010.20_Floor Decks Slabs and Toppings,https://www.bu.edu/cpo/2021/08/13/center-for-computing-data-sciences-construction-update-8-13-21/concrete-placement-for-the-podiums-3rd-floor-slab-on-deck/,More deck photos of 3 stories,,,
B1010.30_Balcony Floor Construction,https://www.jlconline.com/deck-builder/replacing-a-balcony-floor_o,,,,
B1010.30_Balcony Floor Construction,http://www.fourwalls-uk.com/blog/2013/02/17/week-26-balcony-taking-shape/img_1026/,,,,
B1010.30_Balcony Floor Construction,https://www.cemplexgroup.com/services/balcony-waterproofing/,,,,
B1010.30_Balcony Floor Construction,https://encrypted-tbn0.gstatic.com/images?q=tbn:ANd9GcSFTx2TYZ-FPwahXCvcCSXDzrD8xdttvvhqyA&usqp=CAU,,,,
B1010.30_Balcony Floor Construction,https://www.alideck.co.uk/decking/use/balconies/steel-balcony/,,,,
B1010.30_Balcony Floor Construction,https://swcconstruction.com.sg/blogs/balcony-decking-water-leakage/,finished state,,,
B1010.30_Balcony Floor Construction,https://www.alideck.co.uk/p/aluminium-balcony-decking-edgware-rydon-construction/,different material finished state (aluminium),,,
B1010.40_Mezzanine Floor Construction,https://chappellbuild.com.au/overview-on-mezzanine-floor-construction/,,,,
B1010.40_Mezzanine Floor Construction,https://www.metsec.com/products/purlins-side-rails/mezzanine-floors/,,,,
B1010.40_Mezzanine Floor Construction,https://doity.com/design-and-installation-tips-for-industrial-mezzanine-floors/,,,,
B1010.40_Mezzanine Floor Construction,http://mezz-it.co.za/,,,,
B1010.40_Mezzanine Floor Construction,https://www.youtube.com/watch?v=qbtqkiwwx7o,,,,
B1010.50_Ramps,NA,,,,
B1010.90_Floor Construction Supplementary Components,,,,,
B1020_Roof Construction,,,,,
B1020.10_Roof Structural Frame,https://mcgrawimages.buildingmedia.com/CE/CE_images/2012/Jul_Huber_3.jpg,,,,
B1020.10_Roof Structural Frame,https://www.finehomebuilding.com/list/guide-to-roof-framing,,,,
B1020.10_Roof Structural Frame,https://roofsystemstt.com/our-services/lightweight-roof-framing/,,,,
B1020.10_Roof Structural Frame,https://sydneycarpentrygroup.com.au/timber-roof-framing/,,,,
B1020.10_Roof Structural Frame,https://usihome.com/en/timber-frame-rafters/,,,,
B1020.10_Roof Structural Frame,https://www.roof-it.net/products/steel-roof-framing,steel frame,,,
B1020.20_Roof Decks Slabs and Sheathing,https://www.usg.com/content/usgcom/en_CA_east/products/roofing-building-envelope/roof-deck/structural-panel-concrete-roof-deck.html,,,,
B1020.20_Roof Decks Slabs and Sheathing,https://roofonline.com/roof-decking/,,,,
B1020.20_Roof Decks Slabs and Sheathing,https://www.billraganroofing.com/blog/what-roof-decking,,,,
B1020.20_Roof Decks Slabs and Sheathing,https://portlandqualityroofing.com/roofing-articles/importance-of-having-a-good-roof-deck/,,,,
B1020.20_Roof Decks Slabs and Sheathing,https://www.icfmag.com/2015/09/storm-proof-roofing-2/,,,,
B1020.20_Roof Decks Slabs and Sheathing,https://www.jlconline.com/how-to/exteriors/decks-over-roofs_o,,,,
B1020.30_Canopy Construction,,,,,
B1020.90_Roof Construction Supplementary Components,,,,,
B1080_Stairs,,,,,
B1080.10_Stair Construction,https://www.quantity-takeoff.com/formwork-for-concrete-stair.htm,,,,
B1080.10_Stair Construction,https://www.finehomebuilding.com/project-guides/framing/framing-stairs-with-a-landing,,,,
B1080.10_Stair Construction,https://stairpans.com/stairpans/,,,,
B1080.10_Stair Construction,https://www.youtube.com/watch?app=desktop&v=WLxEM5NyqPA,,,,
B1080.10_Stair Construction,https://www.youtube.com/watch?v=eJKcMqdy72c,,,,
B1080.10_Stair Construction,https://steelfabservices.com.au/steel-stairs/,steel stairs,,,
B1080.10_Stair Construction,https://www.youtube.com/watch?app=desktop&v=6eqS-KMylP8,,,,
B1080.30_Stair Soffits,https://www.finehomebuilding.com/2016/05/16/remodeling-a-stair,not included in my version for some reason,,,
B1080.30_Stair Soffits,https://www.contractortalk.com/threads/curved-stairs.58473/,,,,
B1080.50_Stair Railings,https://www.decks.com/how-to/articles/how-to-install-deck-stair-railings,,,,
B1080.60_Fire Escapes,,,,,
B1080.70_Metal Walkways,,,,,
B1080.80_Ladders,,,,,
B20_Exterior Vertical Enclosures,,,,,
B2010_Exterior Walls,,,,,
B2010.10_Exterior Wall Veneer,https://storables.com/diy/building-construction/what-is-a-veneer-in-construction/,,,,
B2010.10_Exterior Wall Veneer,https://www.estoneworks.com/Article/the-importance-proper-stone-veneer-installation/,,,,
B2010.10_Exterior Wall Veneer,https://www.brightgreendoor.com/diy-stone-veneer/,,,,
B2010.10_Exterior Wall Veneer,https://www.sakrete.com/concrete-calculator/stone-veneer/,,,,
B2010.10_Exterior Wall Veneer,https://www.lsd.co.uk/walling-edging/cladding-and-veneers,,,,
B2010.10_Exterior Wall Veneer,https://www.diychatroom.com/threads/q-about-brick-veneer-walls.322217/,brick veneer,,,
B2010.20_Exterior Wall Construction,https://www.greenbuildingadvisor.com/green-basics/structure-exterior-walls,,,,
B2010.20_Exterior Wall Construction,https://www.icreatables.com/how-to-build-shed/framing/framing-exterior-interior-walls,,,,
B2010.20_Exterior Wall Construction,https://www.jlconline.com/how-to/framing/building-and-raising-exterior-walls_o,,,,
B2010.20_Exterior Wall Construction,https://www.jlconline.com/how-to/framing/building-and-raising-exterior-walls_o,,,,
B2010.20_Exterior Wall Construction,https://brainright.com/exteriorwallframing/,,,,
B2010.20_Exterior Wall Construction,https://www.countymaterials.com/images/products/masonry/oversize-cmu/masonry-cmu-32-top-image.jpg,CMU walls,,,
B2010.30_Exterior Wall Interior Skin,https://www.constructionspecifier.com/more-than-one-way-to-skin-a-building/,,,,
B2010.30_Exterior Wall Interior Skin,https://www.dupont.com/building/commercial-solutions-wall.html,,,,
B2010.40_Fabricated Exterior Wall Assemblies,https://www.constructioncanada.net/trial-to-trend-the-growth-of-prefabricated-exterior-walls/,,,,
B2010.40_Fabricated Exterior Wall Assemblies,https://www.eews.com/,,,,
B2010.40_Fabricated Exterior Wall Assemblies,https://www.dpr.com/construction/expertise/prefabrication,,,,
B2010.40_Fabricated Exterior Wall Assemblies,https://www.walltechinc.com/wall-panel-services,,,,
B2010.40_Fabricated Exterior Wall Assemblies,https://www.wellsconcrete.com/about/news-insights/what-is-prefabrication/,,,,
B2010.40_Fabricated Exterior Wall Assemblies,https://www.tiltwall.ca/news/tilt-up-construction-vs-precast-what-is-the-difference/,Concrete wall  + tilt up wall,,,
B2010.40_Fabricated Exterior Wall Assemblies,https://www.tiltwall.ca/news/tilt-up-construction-vs-precast-what-is-the-difference/,,,,
B2010.50_Parapets,https://civiconcepts.com/blog/parapet-wall,,,,
B2010.50_Parapets,https://www.jlconline.com/how-to/insulation/insulating-parapets-and-balconies_o,,,,
B2010.50_Parapets,https://blog.buildmeetsworld.com/how-parapet-caps-ease-construction,,,,
B2010.50_Parapets,https://fortunerestoration.com/services/masonry/parapet-wall-repairs/,,,,
B2010.50_Parapets,https://gbdmagazine.com/what-is-a-parapet-roof/,,,,
B2010.60_Equipment Screens,https://roofscreen.com/5-types-of-equipment-screens-compared/,,,,
B2010.60_Equipment Screens,https://www.industriallouvers.com/equipment-screens-and-louvered-fences/,,,,
B2010.60_Equipment Screens,https://roofscreen.com/product-category/equipment-screens/,,,,
B2010.60_Equipment Screens,https://roofscreen.com/5-types-of-equipment-screens-compared/,,,,
B2010.60_Equipment Screens,https://www.lawrencefabric.com/products/roof-screens/,,,,
B2010.80_Exterior Wall Supplementary Components,,,,,
B2010.90_Exterior Wall Opening Supplementary Components,,,,,
B2020_Exterior Windows,https://urbantoronto.ca/news/2023/02/explainer-window-wall-curtain-wall-and-mullions.51164,,,,
B2020_Exterior Windows,https://brennancorp.com/blog/how-to-choose-windows-for-new-construction-homes/,,,,
B2020_Exterior Windows,https://www.pella.com/ideas/windows/replacement/replacement-vs-new-construction-windows/,,,,
B2020_Exterior Windows,https://sahrbuildingsupply.com/2021/08/8-steps-installing-windows/,,,,
B2020_Exterior Windows,https://www.pellabranch.com/windows-doors/tips-education/timeline-for-window-installation/,,,,
B2020_Exterior Windows,https://www.jlconline.com/how-to/exteriors/replacing-windows-from-the-exterior_o,installation action from outside view,,,
B2020.10_Exterior Operating Windows,,,,,
B2020.20_Exterior Fixed Windows,,,,,
B2020.30_Exterior Window Wall,,,,,
B2020.50_Exterior Special Function Windows,,,,,
B2050_Exterior Doors and Grilles,,,,,
B2050.10_Exterior Entrance Doors,https://goodtopssm.life/product_details/63889216.html,,,,
B2050.10_Exterior Entrance Doors,https://www.pinterest.com/pin/567523990514280286/,,,,
B2050.10_Exterior Entrance Doors,https://www.finehomebuilding.com/project-guides/windows-doors/installing-an-exterior-door,,,,
B2050.10_Exterior Entrance Doors,https://hitechcorp.biz/top-4-features-to-look-for-in-an-entry-door-replacement/,,,,
B2050.10_Exterior Entrance Doors,https://www.homedepot.com/b/Doors-Windows-Exterior-Doors/N-5yc1vZas82,,,,
B2050.20_Exterior Utility Doors,,,,,
B2050.30_Exterior Oversize Doors,,,,,
B2050.40_Exterior Special Function Doors,,,,,
B2050.60_Exterior Grilles,,,,,
B2050.70_Exterior Gates,,,,,
B2050.90_Exterior Door Supplementary Components,,,,,
B2070_Exterior Louvers and Vents,,,,,
B2070.10_Exterior Louvers,https://www.indiamart.com/proddetail/aluminum-louver-installation-service-20433118173.html,,,,
B2070.10_Exterior Louvers,https://www.youtube.com/watch?v=SWcX7GpU1m8,,,,
B2070.10_Exterior Louvers,https://deckmastersofsouthflorida.com/louver-installation,,,,
B2070.10_Exterior Louvers,https://www.youtube.com/watch?app=desktop&v=8kCC4XIovPo,,,,
B2070.10_Exterior Louvers,https://www.newtechwood.com/product/european-style-siding/,,,,
B2070.50_Exterior Vents,https://www.azdiyguy.com/blog/gable-vent-hatch,,,,
B2070.50_Exterior Vents,https://www.ductdudes.com/dryer-vent-cleaning/,,,,
B2070.50_Exterior Vents,https://www.maximair.com.au/mechanical-ventilation-systems,,,,
B2070.50_Exterior Vents,https://www.bobvila.com/articles/dryer-vent-installation/,,,,
B2070.50_Exterior Vents,https://www.ezrvent.com/installation-instructions/how-to-install-foundation-vents-garage/,,,,
B2080_Exterior Wall Appurtenances,,,,,
B2080.10_Exterior Fixed Grilles and Screens,,,,,
B2080.30_Exterior Opening Protection Devices,,,,,
B2080.50_Exterior Balcony Walls and Railings,,,,,
B2080.70_Exterior Fabrications,,,,,
B2080.80_Bird Control Devices,,,,,
B2090_Exterior Wall Specialties,,,,,
B30_Exterior Horizontal Enclosures,,,,,
B3010_Roofing,,,,,
B3010.10_Steep Slope Roofing,Original CLIP retrieval,,,,
B3010.10_Steep Slope Roofing,Original CLIP retrieval,,,,
B3010.10_Steep Slope Roofing,Original CLIP retrieval,,,,
B3010.10_Steep Slope Roofing,Original CLIP retrieval,,,,
B3010.10_Steep Slope Roofing,Original CLIP retrieval,,,,
B3010.10_Steep Slope Roofing,Original CLIP retrieval,,,,
B3010.10_Steep Slope Roofing,Original CLIP retrieval,,,,
B3010.10_Steep Slope Roofing,Original CLIP retrieval,,,,
B3010.10_Steep Slope Roofing,Original CLIP retrieval,,,,
B3010.10_Steep Slope Roofing,Original CLIP retrieval,,,,
B3010.10_Steep Slope Roofing,Original CLIP retrieval,,,,
B3010.50_Low-Slope Roofing,https://www.woodsroofinglakeland.com/residential-roofing/low-slope-roofs/,,,,
B3010.50_Low-Slope Roofing,https://www.metalconstructionnews.com/articles/installing-low-slope-metal-roofing/,,,,
B3010.50_Low-Slope Roofing,https://dgroofing.com/low-slope-roofing/,,,,
B3010.50_Low-Slope Roofing,https://www.finehomebuilding.com/project-guides/roofing/installing-a-low-slope-epdm-roof,,,,
B3010.50_Low-Slope Roofing,https://carlsonexteriors.com/services/flat-roofs-and-low-slope-roofs/,,,,
B3010.70_Canopy Roofing,,,,,
B3010.90_Roofing Supplementary Components,,,,,
B3020_Roof Appurtenances,,,,,
B3020.10_Roof Accessories,,,,,
B3020.30_Roof Specialties,,,,,
B3020.70_Rainwater Management,,,,,
B3040_Traffic Bearing Horizontal Enclosures,https://www.constructionspecifier.com/category/uniformat/b30%E2%88%92exterior-horizontal-enclosures/b3040%E2%88%92traffic-bearing-horizontal-enclosures/page/2/,,,,
B3040_Traffic Bearing Horizontal Enclosures,https://www.constructionspecifier.com/category/uniformat/b30%E2%88%92exterior-horizontal-enclosures/b3040%E2%88%92traffic-bearing-horizontal-enclosures/page/2/,,,,
B3040_Traffic Bearing Horizontal Enclosures,https://mcgillrestoration.com/everything-you-need-to-know-about-traffic-coatings/,,,,
B3040_Traffic Bearing Horizontal Enclosures,https://schnellcontractors.com/concrete-repair/traffic-membranes/,,,,
B3040_Traffic Bearing Horizontal Enclosures,https://www.btc.expert/assets/pdf/fundamentals-of-traffic-bearing-membranes-ck.pdf,,,,
B3040.10_Traffic Bearing Coatings,,,,,
B3040.30_Horizontal Waterproofing Membrane,,,,,
B3040.50_Wear Surfaces,,,,,
B3040.90_Horizontal Enclosure Supplementary Components,,,,,
B3060_Horizontal Openings,,,,,
B3060.10_Roof Windows and Skylights,https://www.allseasonsexteriorsco.com/construction/the-importance-of-attic-and-roof-ventilation-in-denver-co%EF%BF%BC/,,,,
B3060.10_Roof Windows and Skylights,https://whyskylights.com/velux-skylights-blog/4-benefits-of-choosing-a-velux-certified-installer-for-your-skylight-installation,,,,
B3060.10_Roof Windows and Skylights,https://bodegasynaves.com.mx/?c=velux-roof-windows-%E2%80%93-skylight-specialists-inc-zz-7ZPRBtL,,,,
B3060.10_Roof Windows and Skylights,https://www.hometips.com/diy-how-to/skylight-installation.html,,,,
B3060.10_Roof Windows and Skylights,https://www.thisoldhouse.com/ceilings/21016521/how-to-install-a-skylight,,,,
B3060.50_Vents and Hatches,https://www.familyhandyman.com/project/roof-flashing-replace-plumbing-vent-flashing/,,,,
B3060.50_Vents and Hatches,https://www.youtube.com/watch?app=desktop&v=L2nNTfcPmeg,,,,
B3060.50_Vents and Hatches,https://www.gaf.com/en-us/blog/your-home/what-is-a-ridge-vent-and-when-is-one-used-281474979982380,,,,
B3060.50_Vents and Hatches,https://constructionmentor.net/roof-hatches/,,,,
B3060.50_Vents and Hatches,https://www.abp-michigan.com/bilco-roof-hatches-in-a-multimillion-dollar-biodigester-project-in-grand-rapids-michigan,,,,
B3060.90_Horizontal Opening Supplementary Components,,,,,
B3080_Overhead Exterior Enclosures,,,,,
B3080.10_Exterior Ceilings,https://commons.wikimedia.org/wiki/File:10._Porch_Roof_Ceiling_Construction._%28eb8aed61-6c22-459e-a6e1-214953a1237f%29.jpg,,,,
B3080.10_Exterior Ceilings,https://steelnetwork.com/steel-secrets-behind-landmark-builds/,,,,
B3080.10_Exterior Ceilings,https://taxsupermk.life/product_details/19561982.html,,,,
B3080.10_Exterior Ceilings,https://mattcremona.com/home-addition-renovation/the-roof-just-got-bigger,,,,
B3080.10_Exterior Ceilings,https://belowdeckceilings.com/tag/under-deck-ceiling-systems-kansas-city/,,,,
B3080.20_Exterior Soffits,https://palmgrovefarmhouse.com/whats-the-best-wood-for-porch-ceilings/,,,,
B3080.20_Exterior Soffits,https://davidoffroofing.ca/home-exterior-services/soffit-fascia/,,,,
B3080.20_Exterior Soffits,https://www.thompsoncreek.com/blog/what-is-soffit-and-why-does-my-home-need-it/,,,,
B3080.20_Exterior Soffits,https://swordroof.com/services/soffit-installation-repair/,,,,
B3080.20_Exterior Soffits,https://www.finehomebuilding.com/tag/exterior-soffit,,,,
B3080.30_Exterior Bulkheads,https://beatingupwind.com/2011-06/the-bulkhead-gets-stucco,,,,
B3080.30_Exterior Bulkheads,https://studio-tm.com/constructionblog/?cat=191,,,,
B3080.30_Exterior Bulkheads,https://acountryfarmhouse.blogspot.com/2015/08/a-new-bulkhead.html,,,,
B3080.30_Exterior Bulkheads,https://www.jlconline.com/how-to/exteriors/rebuilding-a-basement-bulkhead-entry_o,,,,
B3080.30_Exterior Bulkheads,https://beatingupwind.com/2011-06/bulkhead-taking-shape-plumbing-progress,,,,
C_Interiors,,,,,
C10_Interior Construction,,,,,
C1010_Interior Partitions,,,,,
C1010.10_Interior Fixed Partitions,https://www.instructables.com/Lets-Build-a-Partition-Wall/,,,,
C1010.10_Interior Fixed Partitions,https://www.service.com.au/articles/building/building-a-stud-partition,,,,
C1010.10_Interior Fixed Partitions,https://www.carpentersmelbourne.com.au/home-office-partition-wall.html,,,,
C1010.10_Interior Fixed Partitions,https://www.encon.co.uk/partition-wall-insulation!c-87?page=2,,,,
C1010.10_Interior Fixed Partitions,https://www.indiamart.com/proddetail/office-drywall-partition-11448839573.html,,,,
C1010.20_Interior Glazed Partitions,https://www.youtube.com/watch?v=wMzSng6l_yU,,,,
C1010.20_Interior Glazed Partitions,https://commons.wikimedia.org/wiki/File:Installing_glass_%286836810117%29.jpg,,,,
C1010.20_Interior Glazed Partitions,https://hiddenshell.ru/en/kak-pravilno-sdelat-zamer-dlya-steklyannoi-peregorodki-instrukciya-po/,,,,
C1010.20_Interior Glazed Partitions,https://imtmodularwalls.com/installation-process/,,,,
C1010.20_Interior Glazed Partitions,https://www.indiamart.com/proddetail/aaa-office-glass-partition-10842567573.html,,,,
C1010.40_Interior Demountable Partitions,https://www.nxtwall.com/product-features-series-integration-and-applications-images/nggallery/slideshow,,,,
C1010.40_Interior Demountable Partitions,https://www.nxtwall.com/wp-content/gallery/flex-series/Wood-Frame-Door-with-Glass-Freestanding-Demountable-Wall-Office.jpg?x21032,,,,
C1010.40_Interior Demountable Partitions,https://glideinstallations.com/services/movable-wall-installation/,,,,
C1010.40_Interior Demountable Partitions,https://www.officefurnituredenverco.com/demountable-walls.html,,,,
C1010.40_Interior Demountable Partitions,https://epiplastics.com/products/demountable-partition-walls/,,,,
C1010.50_Interior Operable Partitions,"https://static.wixstatic.com/media/a3699e_5d375f99cd7a4d77b66fd2e1bd4008e5~mv2.jpeg/v1/fill/w_640,h_800,al_c,q_85,usm_0.66_1.00_0.01,enc_auto/a3699e_5d375f99cd7a4d77b66fd2e1bd4008e5~mv2.jpeg",,,,
C1010.50_Interior Operable Partitions,https://www.modernfoldstyles.com/alvin-ailey-expansion/encore-panels-onsite-installation/,,,,
C1010.50_Interior Operable Partitions,https://www.movable-partitionwall.com/supplier-435492-movable-partition-walls,,,,
C1010.50_Interior Operable Partitions,https://m.partitions-walls.com/photo/pl20158929-commercial_position_office_movable_partition_walls_panel_height_4m_width_500mm.jpg,,,,
C1010.50_Interior Operable Partitions,https://m.movable-partitionwall.com/photo/pl33056695-sgs_acoustic_operable_folding_panel_partitions_for_conference_hall.jpg,,,,
C1010.70_Interior Screens,,,,,
C1010.90_Interior Partition Supplementary Components,,,,,
C1020_Interior Windows,https://plankandpillow.com/how-to-build-an-interior-window/,,,,
C1020_Interior Windows,https://plankandpillow.com/how-to-build-an-interior-window/,,,,
C1020_Interior Windows,https://st.hzcdn.com/fimgs/cb72c7da0d585778_0651-w500-h375-b0-p0--.jpg,,,,
C1020_Interior Windows,https://www.facebook.com/watch/?v=618766219304038,,,,
C1020_Interior Windows,https://www.youtube.com/watch?app=desktop&v=VeUFmvgI1co,,,,
C1020.10_Interior Operating Windows,,,,,
C1020.20_Interior Fixed Windows,,,,,
C1020.50_Interior Special Function Windows,,,,,
C1020.90_Interior Window Supplementary Components,,,,,
C1030_Interior Doors,https://www.finehomebuilding.com/project-guides/windows-doors/installing-bifold-doors,,,,
C1030_Interior Doors,https://www.bobvila.com/articles/how-to-install-a-prehung-door/,,,,
C1030_Interior Doors,https://www.sbmtx.com/blog/how-to-measure-for-a-new-interior-door/,,,,
C1030_Interior Doors,http://www.finishabasement.com/construction/framing_doors.htm,,,,
C1030_Interior Doors,https://yellowbrickhome.com/how-to-case-a-door-opening/,,,,
C1030.10_Interior Swinging Doors,,,,,
C1030.20_Interior Entrance Doors,,,,,
C1030.25_Interior Sliding Doors,,,,,
C1030.30_Interior Folding Doors,,,,,
C1030.40_Interior Coiling Doors,,,,,
C1030.50_Interior Panel Doors,,,,,
C1030.70_Interior Special Function Doors,,,,,
C1030.80_Interior Access Doors and Panels,,,,,
C1030.90_Interior Door Supplementary Components,,,,,
C1040_Interior Grilles and Gates,,,,,
C1040.10_Interior Grilles,,,,,
C1040.50_Interior Gates,,,,,
C1060_Raised Floor Construction,,,,,
C1060.10_Access Flooring,https://seal-bond.com/construction/raised-access-flooring/,,,,
C1060.10_Access Flooring,https://www.indiamart.com/proddetail/hpl-raised-flooring-18114910673.html,,,,
C1060.10_Access Flooring,https://hotcore.info/babki/raised-floor-connections.htm,,,,
C1060.10_Access Flooring,https://en.wikipedia.org/wiki/Raised_floor,,,,
C1060.10_Access Flooring,https://www.accessfloorsdistribution.co.uk/about-us/,,,,
C1060.30_Platform Stage Floors,https://singcore.com/tag/stage-platforms,,,,
C1070_Suspended Ceiling Construction,https://www.armstrongceilings.com/residential/en-us/suspended-ceiling-systems.html,,,,
C1070_Suspended Ceiling Construction,https://www.angi.com/articles/how-install-drop-ceiling.htm,,,,
C1070_Suspended Ceiling Construction,https://bernardibuildingsupply.com/drop-ceiling-or-drywall-ceiling-which-one-should-you-choose/,,,,
C1070_Suspended Ceiling Construction,https://www.checkatrade.com/blog/cost-guides/suspended-ceiling-cost/,,,,
C1070_Suspended Ceiling Construction,https://wp.buildingmaterials.co.uk/wp-content/uploads/2023/05/How-to-Install-an-MF-Ceiling-System.png,,,,
C1070.10_Acoustical Suspended Ceilings,,,,,
C1070.20_Suspended Plaster and Gypsum Board Ceilings,,,,,
C1070.50_Specialty Suspended Ceilings,,,,,
C1070.70_Special Function Suspended Ceilings,,,,,
C1070.90_Ceiling Suspension Components,,,,,
C1090_Interior Specialties,,,,,
C1090.10_Interior Railings and Handrails,,,,,
C1090.15_Interior Louvers,,,,,
C1090.20_Information Specialties,,,,,
C1090.25_Compartments and Cubicles,,,,,
C1090.30_Service Walls,,,,,
C1090.35_Wall and Door Protection,,,,,
C1090.40_Toilet Bath and Laundry Accessories,,,,,
C1090.45_Interior Gas Lighting,,,,,
C1090.50_Fireplaces and Stoves,,,,,
C1090.60_Safety Specialties,,,,,
C1090.70_Storage Specialties,,,,,
C1090.90_Other Interior Specialties,,,,,
C20_Interior Finishes,,,,,
C2010_Wall Finishes,,,,,
C2010.10_Tile Wall Finish,https://www.thespruce.com/how-to-install-ceramic-wall-tile-1824817,,,,
C2010.10_Tile Wall Finish,https://www.youtube.com/watch?v=V45_b8QSm5k,,,,
C2010.10_Tile Wall Finish,https://www.forbes.com/home-improvement/bathroom/bathroom-tile-installation-and-retiling-cost/,,,,
C2010.10_Tile Wall Finish,https://www.youtube.com/watch?app=desktop&v=pIINOr6bymU,,,,
C2010.10_Tile Wall Finish,https://www.bobvila.com/articles/how-to-tile-a-bathroom-wall/,,,,
C2010.20_Wall Paneling,https://www.duramaxpvcpanels.com/resource_faq/how-do-you-install-vinyl-wall-paneling/,,,,
C2010.20_Wall Paneling,https://diydanielle.com/how-install-paneling-walls/,,,,
C2010.20_Wall Paneling,https://www.claytonhomes.com/studio/mobile-home-wallboard-replacement/,,,,
C2010.20_Wall Paneling,https://www.facebook.com/watch/?v=3520877434589422,,,,
C2010.20_Wall Paneling,https://www.basementsystems.com/basement-finishing/insulated-wall-panels.html,,,,
C2010.30_Wall Coverings,https://www.wallcoveringinstallers.org/residential-wallcovering-instruction-courses/,,,,
C2010.30_Wall Coverings,https://colorworkspgh.com/wallcovering-removal-installation/,,,,
C2010.30_Wall Coverings,https://www.pittsburghpainting.net/painting-contractor/pittsburgh-wall-covering-removal,,,,
C2010.30_Wall Coverings,https://www.youtube.com/watch?app=desktop&v=uPUK3TwbBmo,,,,
C2010.30_Wall Coverings,https://helloservices.co.uk/handyman-services/wallpaper-hanging-services/,,,,
C2010.35_Wall Carpeting,,,,,
C2010.50_Stone Facing,,,,,
C2010.50_Stone Facing,,,,,
C2010.60_Special Wall Surfacing,,,,,
C2010.70_Wall Painting and Coating,https://www.wagner-group.com/en/guide/construction-site-guide/spraying-emulsion-paint/,,,,
C2010.70_Wall Painting and Coating,https://advancepainting.com.au/prepare-prime-walls/,,,,
C2010.70_Wall Painting and Coating,https://www.facilitiesnet.com/paintscoatings/article/4-Keys-to-Successful-Painting-Projects--20114,,,,
C2010.70_Wall Painting and Coating,https://www.thespruce.com/how-to-skim-coat-walls-5116693,,,,
C2010.70_Wall Painting and Coating,https://manhattan-nest.com/2017/05/04/how-to-skim-coat-walls-with-the-best-of-them/,,,,
C2010.80_Acoustical Wall Treatment,,,,,
C2010.90_Wall Finish Supplementary Components,,,,,
C2020_Interior Fabrications,,,,,
C2030_Flooring,,,,,
C2030.10_Flooring Treatment,,,,,
C2030.20_Tile Flooring,https://goodguyflooring.com/blogs/home-improvement-blog/diy-guide-how-to-install-tile-flooring,,,,
C2030.20_Tile Flooring,https://farsuperov.life/product_details/36046600.html,,,,
C2030.20_Tile Flooring,https://ceconstructionsevices.com/tile/,,,,
C2030.20_Tile Flooring,https://ecogeneralcontractors.com/tile-installers/,,,,
C2030.20_Tile Flooring,https://www.youtube.com/watch?v=MPg5k0tsGEY,,,,
C2030.30_Specialty Flooring,,,,,
C2030.40_Masonry Flooring,,,,,
C2030.45_Wood Flooring,https://www.homedepot.com/c/ah/how-to-install-hardwood-flooring/9ba683603be9fa5395fab9069698e54,,,,
C2030.45_Wood Flooring,https://twentyandoak.com/faq/installation-questions/how-to-install-engineered-hardwood-flooring-on-concrete,,,,
C2030.45_Wood Flooring,https://www.nwocflooring.com/city-of-mill-creek/hardwood-floor-installation-in-mill-creek-wa,,,,
C2030.45_Wood Flooring,https://www.floorfactors.com/2020/07/06/7-questions-to-ask-your-hardwood-flooring-installer/,,,,
C2030.45_Wood Flooring,https://www.thespruce.com/engineered-wood-flooring-installation-1824816,,,,
C2030.50_Resilient Flooring,https://www.thespruce.com/resilient-flooring-for-vinyl-1821684,,,,
C2030.50_Resilient Flooring,https://i.ytimg.com/vi/F7eOyL0jJNg/maxresdefault.jpg,,,,
C2030.50_Resilient Flooring,https://farsuperov.life/product_details/27453597.html,,,,
C2030.50_Resilient Flooring,https://uisfreeet.xyz/product_details/31101984.html,,,,
C2030.50_Resilient Flooring,https://www.nextdayfloors.net/luxury-vinyl-plank-flooring-vs-engineered-hardwood/,,,,
C2030.60_Terrazzo Flooring,https://i.pinimg.com/originals/16/cf/66/16cf666eb54cd56c21408c2d8ce709c8.jpg,,,,
C2030.60_Terrazzo Flooring,https://doyledickersonterrazzo.com/,,,,
C2030.60_Terrazzo Flooring,https://www.diespeker.co.uk/terrazzo/,,,,
C2030.60_Terrazzo Flooring,https://www.linkedin.com/posts/doyle-dickerson-terrazzo-inc-_terrazzo-flooring-activity-7140384831518953472-sRNO/,,,,
C2030.60_Terrazzo Flooring,https://www.premfloor.co.uk/terrazzo-flooring.html,,,,
C2030.70_Fluid-Applied Flooring,https://consurco.com/services/fluid-applied-floor-coatings/,,,,
C2030.70_Fluid-Applied Flooring,https://www.floorskinz.com/epoxyurethane-floors/,,,,
C2030.70_Fluid-Applied Flooring,https://ultrasyntecltd.co.uk/incredible-benefits-of-epoxy-flooring/,,,,
C2030.70_Fluid-Applied Flooring,https://housing.com/news/epoxy-flooring/,,,,
C2030.70_Fluid-Applied Flooring,https://www.extremeepoxycoatings.com/california-epoxy-flooring/,,,,
C2030.75_Carpeting,https://www.homedepot.com/services/l/ut/layton/carpet-installation/b76e9e302,,,,
C2030.75_Carpeting,https://ckblakeland.com/flooring-lakeland-fl/flooring-installation/carpet-installation/,,,,
C2030.75_Carpeting,https://www.sisalcarpet.com/guides/carpet-tile-installation,,,,
C2030.75_Carpeting,https://hatchersfloors.com/how-to-install-carpet-a-quick-easy-diy-guide/,,,,
C2030.75_Carpeting,https://simpleflooringco.com/product/carpet-installation-deal/,,,,
C2030.80_Athletic Flooring,,,,,
C2030.85_Entrance Flooring,,,,,
C2030.90_Flooring Supplementary Components,,,,,
C2040_Stair Finishes,,,,,
C2040.20_Tile Stair Finish,https://tileswale.com/blog-detail/10-easy-steps-to-install-tiles-on-the-stairs,,,,
C2040.20_Tile Stair Finish,https://howtospecialist.com/indoor/how-to-tile-stairs/,,,,
C2040.20_Tile Stair Finish,https://www.youtube.com/watch?app=desktop&v=zCqlbw6KjWk,,,,
C2040.20_Tile Stair Finish,https://www.youtube.com/watch?v=WbO-4H21QhQ,,,,
C2040.20_Tile Stair Finish,https://www.youtube.com/watch?v=WbO-4H21QhQ,,,,
C2040.40_Masonry Stair Finish,,,,,
C2040.45_Wood Stair Finish,https://www.youtube.com/watch?app=desktop&v=9iOsbprpe5g,,,,
C2040.45_Wood Stair Finish,https://buildingmodern.net/foyer-stairs-installing-hardwood-treads/,,,,
C2040.45_Wood Stair Finish,https://www.buildmyowncabin.com/stairsremodel/installing-hardwood-stair-treads.html,,,,
C2040.45_Wood Stair Finish,https://houstonstairparts.com/services/treads-installation/,,,,
C2040.45_Wood Stair Finish,https://www.youtube.com/watch?app=desktop&v=Y8qj3js1rUw,,,,
C2040.50_Resilient Stair Finish,,,,,
C2040.60_Terrazzo Stair Finish,,,,,
C2040.75_Carpeted Stair Finish,https://www.thespruce.com/how-to-install-carpet-on-stairs-2908820,,,,
C2040.75_Carpeted Stair Finish,https://www.forbes.com/home-improvement/flooring/cost-to-install-carpeting-on-stairs/,,,,
C2040.75_Carpeted Stair Finish,https://goodtopssm.life/product_details/98904615.html,,,,
C2040.75_Carpeted Stair Finish,https://directcarpet.com/blogs/blog/carpet-stair-treads-you-will-love,,,,
C2040.75_Carpeted Stair Finish,https://www.costimates.com/costs/floors/replace-carpet-on-stairs/,,,,
C2050_Ceiling Finishes,,,,,
C2050.10_Plaster and Gypsum Board Finish,https://www.youtube.com/watch?v=Cj3KXLJshQw,,,,
C2050.10_Plaster and Gypsum Board Finish,https://www.hunker.com/12616166/differences-between-gypsum-board-and-plasterboard,,,,
C2050.10_Plaster and Gypsum Board Finish,https://abdrylining.com/what-is-plasterboard/,,,,
C2050.10_Plaster and Gypsum Board Finish,https://www.kmaxhrenovation.com/services/sid/23466/,,,,
C2050.10_Plaster and Gypsum Board Finish,https://www.thetoolsquare.com/wp-content/uploads/2022/02/Drop-Ceiling-With-Drywall-1024x683.png,,,,
C2050.20_Ceiling Paneling,https://www.midlandplasticsltd.co.uk/installing-wall-and-ceiling-panels-in-your-kitchen-or-bathroom/,,,,
C2050.20_Ceiling Paneling,https://diy.sndimg.com/content/dam/images/diy/fullset/2005/2/11/0/dadh206_1fe.jpg.rend.hgtvcom.1280.960.suffix/1420794198084.jpeg,,,,
C2050.20_Ceiling Paneling,https://trusscore.com/blog/installation-tips-and-tricks.html,,,,
C2050.20_Ceiling Paneling,https://www.youtube.com/watch?app=desktop&v=y76D6zAbVsA,,,,
C2050.20_Ceiling Paneling,https://www.familyhandyman.com/project/ceiling-panels-how-to-install-a-beam-and-panel-ceiling/,,,,
C2050.70_Ceiling Painting and Coating,https://www.peinturesmf.com/en/painting-a-ceiling-like-a-professional/,,,,
C2050.70_Ceiling Painting and Coating,https://www.resene.co.nz/project-sheets/painting-a-ceiling.htm,,,,
C2050.70_Ceiling Painting and Coating,https://www.pinterest.com/pin/697424692279187005/,,,,
C2050.70_Ceiling Painting and Coating,https://manhattan-nest.com/2017/05/04/how-to-skim-coat-walls-with-the-best-of-them/,,,,
C2050.70_Ceiling Painting and Coating,https://okeefepainting.com/skim-coating-ceilings-in-eden-prairie/,,,,
C2050.80_Acoustical Ceiling Treatment,,,,,
C2050.90_Ceiling Finish Supplementary Components,,,,,
D_Services,,,,,
D10_Conveying,,,,,
D1010_Vertical Conveying Systems,,,,,
D1010.10_Elevators,https://constructioncareers.org/careers/elevator-constructors/,,,,
D1010.10_Elevators,https://www.countyprestress.com/en/products/precast-elevator-shafts,,,,
D1010.10_Elevators,https://actionelevator.com/blog/a-guide-on-everything-you-need-to-know-about-elevator-shaft-construction/,,,,
D1010.10_Elevators,https://dazenelevator.com/a-guide-on-everything-you-need-to-know-about-elevator-shafts/,,,,
D1010.10_Elevators,https://www.kone.us/new-buildings/elevators/construction-solutions.aspx,,,,
D1010.20_Lifts,,,,,
D1010.30_Escalators,https://www.scholpp.com/sectors/escalator-industry/,,,,
D1010.30_Escalators,,,,,
D1010.30_Escalators,https://commons.wikimedia.org/wiki/File:47th_Street_passenger_wellway_escalator_installation_September_2018_%2828%29_%2829824201397%29.jpg,,,,
D1010.30_Escalators,https://www.flickr.com/photos/mtacc-esa/48805242512,,,,
D1010.30_Escalators,https://www.hue-uni.com.sg/portfolio/scaffold-for-installation-of-escalator-soon-lee-rd/,,,,
D1010.50_Dumbwaiters,,,,,
D1010.60_Moving Ramps,,,,,
D1030_Horizontal Conveying,,,,,
D1030.10_Moving Walks,,,,,
D1030.30_Turntables,,,,,
D1030.50_Passenger Loading Bridges,,,,,
D1030.70_People Movers,,,,,
D1050_Material Handling,https://weeklysafety.com/blog/material-handling,,,,
D1050_Material Handling,https://www.sinosources.com/showproductdetail/material-hoist--construction-hoists-material-handling-elevator.html,,,,
D1050_Material Handling,https://dllscaffolding.com/hoisting-lifts-rentals/,,,,
D1050_Material Handling,https://www.foxdrill.com/derrick-services,,,,
D1050_Material Handling,http://jacksonbuildinggroup.com/our-services/material-handling/,,,,
D1050_Material Handling,https://easychute.com/,,,,
D1050.10_Cranes,,,,,
D1050.20_Hoists,,,,,
D1050.30_Derricks,,,,,
D1050.40_Conveyors,,,,,
D1050.50_Baggage Handling Equipment,,,,,
D1050.60_Chutes,,,,,
D1050.70_Pneumatic Tube Systems,,,,,
D1080_Operable Access Systems,https://glass-metal.com/swing-stages-suspended-scaffold/,,,,
D1080_Operable Access Systems,https://superrask.xyz/product_details/25587778.html,,,,
D1080_Operable Access Systems,https://www.genielift.com/en/aerialpros/mobile-elevating-work-platform-job,,,,
D1080_Operable Access Systems,https://blog.renovationfind.com/safety-first-construction-and-building-maintenance-rope-access-and-repairs/,,,,
D1080_Operable Access Systems,https://www.becotek.eu/en/scaffolding/suspended-scaffolding/,,,,
D1080_Operable Access Systems,https://www.accesus.es/en/product/double-deck-suspended-platform/,,,,
D1080.10_Suspended Scaffolding,,,,,
D1080.20_Rope Climbers,,,,,
D1080.30_Elevating Platforms,,,,,
D1080.40_Powered Scaffolding,,,,,
D1080.50_Building Envelope Access,,,,,
D20_Plumbing,,,,,
D2010_Domestic Water Distribution,,,,,
D2010.10_Facility Potable-Water Storage Tanks,https://optumconst.com/potable-water-storage-facilities-system-and-site-hardening,,,,
D2010.10_Facility Potable-Water Storage Tanks,https://www.cstindustries.com/municipal-potable-water-storage-tanks-manufacturer/,,,,
D2010.10_Facility Potable-Water Storage Tanks,https://www.containwatersystems.com/commercial-water-storage-tanks/,,,,
D2010.10_Facility Potable-Water Storage Tanks,https://www.waterproofmag.com/2013/01/keeping-water-tanks-watertight-with-integral-admixtures/,,,,
D2010.10_Facility Potable-Water Storage Tanks,https://www.waterproofmag.com/2013/01/keeping-water-tanks-watertight-with-integral-admixtures/,,,,
D2010.20_Domestic Water Equipment,,,,,
D2010.40_Domestic Water Piping,,,,,
D2010.60_Plumbing Fixtures,,,,,
D2010.90_Domestic Water Distribution Supplementary Components,,,,,
D2020_Sanitary Drainage,,,,,
D2020.10_Sanitary Sewerage Equipment,,,,,
D2020.30_Sanitary Sewerage Piping,https://www.enconcomserv.com/sanitary-system-repair-and-replacement,,,,
D2020.30_Sanitary Sewerage Piping,https://www.dispatch.com/story/lifestyle/home-garden/home-decor/2018/01/28/ask-builder-angles-slope-key/15390848007/,,,,
D2020.30_Sanitary Sewerage Piping,https://www.istockphoto.com/photos/sewer-construction,,,,
D2020.30_Sanitary Sewerage Piping,https://supervoid.com/pipe-void-systems/,,,,
D2020.30_Sanitary Sewerage Piping,https://www.finehomebuilding.com/2016/07/01/pipe-stubs-footing,,,,
D2020.90_Sanitary Drainage Supplementary Components,,,,,
D2030_Building Support Plumbing Systems,,,,,
D2030.10_Stormwater Drainage Equipment,,,,,
D2030.20_Stormwater Drainage Piping,https://www.designingbuildings.co.uk/wiki/Drainage,,,,
D2030.20_Stormwater Drainage Piping,https://wginc.com/cast-iron-vs-pvc-which-material-is-right-for-drainage-systems-in-my-building/,,,,
D2030.20_Stormwater Drainage Piping,https://www.hunker.com/12361626/how-do-i-reroute-water-drain-pipes,,,,
D2030.20_Stormwater Drainage Piping,https://www.youtube.com/watch?app=desktop&v=37pcTDULCp4,,,,
D2030.20_Stormwater Drainage Piping,https://terrylove.com/forums/index.php?threads/replacing-pvc-drain-pipe-for-washer.99102/,,,,
D2030.30_Facility Stormwater Drains,,,,,
D2030.60_Gray Water Systems,,,,,
D2030.90_Building Support Plumbing System Supplementary Components,,,,,
D2050_General Service Compressed-Air,,,,,
D2060_Process Support Plumbing Systems,,,,,
D2060.10_Compressed-Air Systems,,,,,
D2060.20_Vacuum Systems,,,,,
D2060.30_Gas Systems,,,,,
D2060.40_Chemical-Waste Systems,,,,,
D2060.50_Processed Water Systems,,,,,
D2060.90_Process Support Plumbing System Supplementary Components,,,,,
D30_Heating Ventilation and Air Conditioning (HVAC),https://gallatin.montana.edu/academics/hvac-r/,,,,
D30_Heating Ventilation and Air Conditioning (HVAC),https://www.cardinalplumbingva.com/blog/5-things-to-expect-during-hvac-installation/,,,,
D30_Heating Ventilation and Air Conditioning (HVAC),https://longmechanical.com/hvac-commercial.html,,,,
D30_Heating Ventilation and Air Conditioning (HVAC),https://www.comfortspecialistsservices.com/hvac-fall-maintenance,,,,
D30_Heating Ventilation and Air Conditioning (HVAC),https://sandermechanical.com/solutions/mechanical-construction/hvac-installation-retrofits/,,,,
D30_Heating Ventilation and Air Conditioning (HVAC),https://appoloheating.com/residential-new-construction/,,,,
D3010_Facility Fuel Systems,,,,,
D3010.10_Fuel Piping,,,,,
D3010.30_Fuel Pumps,,,,,
D3010.50_Fuel Storage Tanks,,,,,
D3020_Heating Systems,,,,,
D3020.10_Heat Generation,,,,,
D3020.30_Thermal Heat Storage,,,,,
D3020.70_Decentralized Heating Equipment,,,,,
D3020.90_Heating System Supplementary Components,,,,,
D3030_Cooling Systems,,,,,
D3030.10_Central Cooling,,,,,
D3030.30_Evaporative Air-Cooling,,,,,
D3030.50_Thermal Cooling Storage,,,,,
D3030.70_Decentralized Cooling,,,,,
D3030.90_Cooling System Supplementary Components,,,,,
D3050_Facility HVAC Distribution Systems,,,,,
D3050.10_Facility Hydronic Distribution,,,,,
D3050.30_Facility Steam Distribution,,,,,
D3050.50_HVAC Air Distribution,,,,,
D3050.90_Facility Distribution Systems Supplementary Components,,,,,
D3060_Ventilation,,,,,
D3060.10_Supply Air,,,,,
D3060.20_Return Air,,,,,
D3060.30_Exhaust Air,,,,,
D3060.40_Outside Air,,,,,
D3060.60_Air-to-Air Energy Recovery,,,,,
D3060.70_HVAC Air Cleaning,,,,,
D3060.90_Ventilation Supplementary Components,,,,,
D3070_Special Purpose HVAC Systems,,,,,
D3070.10_Snow Melting,,,,,
D40_Fire Protection,https://apfmag.com/how-digital-construction-management-tools-are-transforming-fire-safety-compliance-in-the-building-sector/,,,,
D40_Fire Protection,https://www.pmengineer.com/articles/92527-what-is-the-standard-for-integrated-fire-protection-system-testing,,,,
D40_Fire Protection,https://www.frontierfireprotection.com/repair-replace-fire-sprinkler-system/,,,,
D40_Fire Protection,https://accuratefireprotection.com/services/,,,,
D40_Fire Protection,https://hydrofirellc.com/fire-protection/,,,,
D4010_Fire Suppression,,,,,
D4010.10_Water-Based Fire-Suppression,,,,,
D4010.50_Fire-Extinguishing,,,,,
D4010.90_Fire Suppression Supplementary Components,,,,,
D4030_Fire Protection Specialties,,,,,
D4030.10_Fire Protection Cabinets,,,,,
D4030.30_Fire Extinguishers,,,,,
D4030.50_Breathing Air Replenishment Systems,,,,,
D4030.70_Fire Extinguisher Accessories,,,,,
D50_Electrical,,,,,
D5010_Facility Power Generation,,,,,
D5010.10_Packaged Generator Assemblies,,,,,
D5010.20_Battery Equipment,,,,,
D5010.30_Photovoltaic Collectors,,,,,
D5010.40_Fuel Cells,,,,,
D5010.60_Power Filtering and Conditioning,,,,,
D5010.70_Transfer Switches,,,,,
D5010.90_Facility Power Generation Supplementary Components,,,,,
D5020_Electrical Service and Distribution,,,,,
D5020.10_Electrical Service,,,,,
D5020.30_Power Distribution,,,,,
D5020.70_Facility Grounding,,,,,
D5020.90_Electrical Service and Distribution Supplementary Components,,,,,
D5030_General Purpose Electrical Power,,,,,
D5030.10_Branch Wiring System,,,,,
D5030.50_Wiring Devices,,,,,
D5030.90_General Purpose Electrical Power Supplementary Components,,,,,
D5040_Lighting,,,,,
D5040.10_Lighting Control,,,,,
D5040.20_Branch Wiring for Lighting,,,,,
D5040.50_Lighting Fixtures,,,,,
D5040.90_Lighting Supplementary Components,,,,,
D5080_Miscellaneous Electrical Systems,,,,,
D5080.10_Lightning Protection,,,,,
D5080.40_Cathodic Protection,https://eoncoat.com/what-is-cathodic-protection-and-how-does-it-work/,,,,
D5080.40_Cathodic Protection,https://www.alphaleak.com/ground-beds/,,,,
D5080.40_Cathodic Protection,https://www.researchgate.net/publication/373990346_Cathodic_Protection/figures?lo=1&utm_source=google&utm_medium=organic,,,,
D5080.40_Cathodic Protection,https://ferasa.net/cathodic-protection-systems/,,,,
D5080.40_Cathodic Protection,https://ehsdailyadvisor.blr.com/2015/07/cathodic-protection-maintenance-and-testing-tips/,,,,
D5080.70_Transient Voltage Suppression,,,,,
D5080.90_Miscellaneous Electrical Systems Supplementary Components,,,,,
D60_Communications,https://www.schmittelectric.com/data-communication-systems/,,,,
D60_Communications,https://www.viavisolutions.com/en-us/what-fiber-construction,,,,
D60_Communications,https://www.lembergelectric.com/data-communication,,,,
D60_Communications,https://www.experienceaudiovideo.com/benefits-of-audio-video-wiring-installation-during-residential-construction/,,,,
D60_Communications,https://primedatacommunications.net/nationwide-data-telecom-equipment-installation,,,,
D6010_Data Communications,,,,,
D6010.10_Data Communications Network Equipment,,,,,
D6010.20_Data Communications Hardware,,,,,
D6010.30_Data Communications Peripheral Data Equipment,,,,,
D6010.50_Data Communications Software,,,,,
D6010.60_Data Communication Program and Integration Services,,,,,
D6020_Voice Communications,,,,,
D6020.10_Voice Communications Switching and Routing Equipment,,,,,
D6020.20_Voice Communications Terminal Equipment,,,,,
D6020.30_Voice Communications Messaging,,,,,
D6020.40_Call Accounting,,,,,
D6020.50_Call Management,,,,,
D6030_Audio-Video Communication,,,,,
D6030.10_Audio-Video Systems,,,,,
D6030.50_Electronic Digital Systems,,,,,
D6060_Distributed Communications and Monitoring,,,,,
D6060.10_Distributed Audio-Video Communications Systems,,,,,
D6060.30_Healthcare Communications and Monitoring,,,,,
D6060.50_Distributed Systems,,,,,
D6090_Communications Supplementary Components,,,,,
D6090.10_Supplementary Components,,,,,
D70_Electronic Safety and Security,,,,,
D7010_Access Control and Intrusion Detection,,,,,
D7010.10_Access Control,,,,,
D7010.50_Intrusion Detection,,,,,
D7030_Electronic Surveillance,,,,,
D7030.10_Video Surveillance,,,,,
D7030.50_Electronic Personal Protection,,,,,
D7050_Detection and Alarm,,,,,
D7050.10_Fire Detection and Alarm,,,,,
D7050.20_Radiation Detection and Alarm,,,,,
D7050.30_Fuel-Gas Detection and Alarm,,,,,
D7050.40_Fuel-Oil Detection and Alarm,,,,,
D7050.50_Refrigeration Detection and Alarm,,,,,
D7050.60_Water Intrusion Detection and Alarm,,,,,
D7070_Electronic Monitoring and Control,,,,,
D7070.10_Electronic Detention Monitoring and Control,,,,,
D7090_Electronic Safety and Security Supplementary Components,,,,,
D7090.10_Supplementary Components,,,,,
D80_Integrated Automation,,,,,
D8010_Integrated Automation Facility Controls,,,,,
D8010.10_Integrated Automation Control of Equipment,,,,,
D8010.20_Integrated Automation Control of Conveying Equipment,,,,,
D8010.30_Integrated Automation Control of Fire-Suppression Systems,,,,,
D8010.40_Integrated Automation Control of Plumbing Systems,,,,,
D8010.50_Integrated Automation Control of HVAC Systems,,,,,
D8010.60_Integrated Automation Control of Electrical Systems,,,,,
D8010.70_Integrated Automation Control of Communication Systems,,,,,
D8010.80_Integrated Automation Control of Electronic Safety and Security Systems,,,,,
D8010.90_Integrated Automation Supplementary Components,,,,,
F_Special Construction and Demolition,,,,,
F10_Special Construction,,,,,
F1010_Integrated Construction,,,,,
F1010.10_Building Modules,https://cuningham.com/news/modular-building-what-developers-need-know,,,,
F1010.10_Building Modules,https://www.360connect.com/supplier-blog/modular-building-associations/,,,,
F1010.10_Building Modules,https://www.reefindustries.com/find-out-about-modular-buildings-and-their-contribution-to-humanity.php,,,,
F1010.10_Building Modules,https://www.gannettfleming.com/blog/what-you-need-to-know-about-the-benefits-of-modular-construction/,,,,
F1010.10_Building Modules,https://www.schuler-consulting.com/en/news-events/realized-projects/detail/modular-construction-of-temporary-and-permanent-buildings,,,,
F1010.50_ManufacturedFabricated Rooms,https://www.panelbuilt.com/api/v1/medias/1178,,,,
F1010.50_ManufacturedFabricated Rooms,https://warehouseoptimizers.com/mezzanines/pre-fabricated-break-rooms/,,,,
F1010.50_ManufacturedFabricated Rooms,https://theamericangenius.com/business-news/austin/kanga-room-systems-affordable-pre-fabricated-studios-cabins-and-sheds/,,,,
F1010.50_ManufacturedFabricated Rooms,https://www.tradeindia.com/products/pre-fabricated-security-rooms-4930029.html,,,,
F1010.50_ManufacturedFabricated Rooms,https://itipk.com/pre-fabricated-buildings/,,,,
F1010.70_Modular Mezzanines,https://fabriconmodular.com/mezzanine-solutions/,,,,
F1010.70_Modular Mezzanines,https://www.panelbuilt.com/products/structural-steel-mezzanines,,,,
F1010.70_Modular Mezzanines,https://www.designcomponents.com/services/mezzanines/,,,,
F1010.70_Modular Mezzanines,https://www.amezz.com/,,,,
F1010.70_Modular Mezzanines,https://www.fcpmezzanine.com/modular-mezzanine-csi-spec/,,,,
F1020_Special Structures,,,,,
F1020.10_Fabric Structures,https://www.cocoon-inc.com/blogpack-fabric-structures,,,,
F1020.10_Fabric Structures,https://www.fabricstructures-usa.com/,,,,
F1020.10_Fabric Structures,https://theconstructor.org/structural-engg/tensile-fabric-structures-properties-types/25844/,,,,
F1020.10_Fabric Structures,https://www.rubbuk.com/products/rubb-fabric-structures-range/,,,,
F1020.10_Fabric Structures,https://www.fabricstructure.co.nz/,,,,
F1020.20_Space Frames,https://theconstructor.org/structural-engg/space-frame-structure-types/567683/,,,,
F1020.20_Space Frames,https://hindustanalcoxlimited.wordpress.com/tag/space-frame-manufacturers/,,,,
F1020.20_Space Frames,https://www.lfspaceframe.com/news/the-characteristics-of-the-space-frame-structure-2/,,,,
F1020.20_Space Frames,https://housing.com/news/space-frame/,,,,
F1020.20_Space Frames,https://www.lfspaceframe.com/news/three-construction-methods-of-space-frame-structure/,,,,
F1020.30_Geodesic Structures,https://polidomes.com/additional-equipment/steel-structures/,,,,
F1020.30_Geodesic Structures,https://www.glampingdomestore.com/products/galvanized-steel-geodesic-dome-frame,,,,
F1020.30_Geodesic Structures,https://www.researchgate.net/publication/352514781_The_use_of_modern_polymer_materials_and_wood_in_the_construction_of_buildings_in_the_form_of_geodesic_domes/figures?lo=1&utm_source=google&utm_medium=organic,,,,
F1020.30_Geodesic Structures,https://www.e3s-conferences.org/articles/e3sconf/pdf/2020/24/e3sconf_tpacee2020_02020.pdf,,,,
F1020.30_Geodesic Structures,https://goodopemk.live/product_details/83615313.html,,,,
F1020.40_Manufacturer-Engineered Structures,https://housing.com/news/peb-structure/,,,,
F1020.40_Manufacturer-Engineered Structures,https://www.alliedbuildings.com/projects/manufacturing-facility/,,,,
F1020.40_Manufacturer-Engineered Structures,https://www.friede.com/blog/top-25-metal-building-dealers,,,,
F1020.40_Manufacturer-Engineered Structures,https://atad.vn/erection/,,,,
F1020.40_Manufacturer-Engineered Structures,https://www.linkedin.com/pulse/peb-building-structure-pre-engineered-manufacturers-seema-sharma/,,,,
F1020.60_Manufactured Canopies,,,,,
F1020.65_Rammed Earth Construction,https://glsrammedearth.com/blog/rammed-earth-construction-techniques/,,,,
F1020.65_Rammed Earth Construction,https://medium.com/@ppuk062018/rammed-earth-a-timeless-building-technique-d07e5a0b6eaa,,,,
F1020.65_Rammed Earth Construction,https://medium.com/@ppuk062018/rammed-earth-a-timeless-building-technique-d07e5a0b6eaa,,,,
F1020.65_Rammed Earth Construction,https://www.treehugger.com/dirt-rammed-earth-4847413,,,,
F1020.65_Rammed Earth Construction,https://www.finehomebuilding.com/2019/03/13/rammed-earth-construction,,,,
F1020.70_Towers,https://www.daywireless.com/tower-services/construction/,,,,
F1020.70_Towers,https://www.dancombsconsulting.com/Tower-Builds.cfm,,,,
F1020.70_Towers,https://www.universetoday.com/23192/new-ares-construction-towers-over-39b/,,,,
F1020.70_Towers,https://texascellnet.com/tower-construction/,,,,
F1020.70_Towers,https://www.anscorporate.com/cell-tower-construction,,,,
F1030_Special Function Construction,,,,,
F1030.10_Sound and Vibration Control,,,,,
F1030.30_Seismic Control,,,,,
F1030.50_Radiation Protection,,,,,
F1050_Special Facility Components,,,,,
F1050.10_Pools,https://poolicons.com/pool-building-faqs/6-swimming-pool-construction-questions-answered/,,,,
F1050.10_Pools,https://american-pools.com/swimming-pool-construction-process/,,,,
F1050.10_Pools,https://grandvistapools.com/3-biggest-tampa-swimming-pool-construction-myths/,,,,
F1050.10_Pools,https://eliteweilerpools.com/residential-pools-and-spas/construction-steps/,,,,
F1050.10_Pools,https://m.indiamart.com/proddetail/swimming-pool-repairs-and-renovation-20195646591.html,,,,
F1050.20_Interior Fountains,,,,,
F1050.30_Interior Water Features,,,,,
F1050.40_Aquariums,https://aquariumworks.org/tag/construction/,,,,
F1050.40_Aquariums,https://www.advanced-aquariums.com/services/on-site-construction-service/,,,,
F1050.40_Aquariums,https://patch.com/michigan/westbloomfield/sea-life-michigan-aquarium-celebrates-construction-milestone-fills-120-gallon-ocean-tank,,,,
F1050.40_Aquariums,https://www.tenji.com/construction/,,,,
F1050.40_Aquariums,https://www.fox13news.com/news/nathan-benderson-park-being-transformed-into-mote-marines-sea-aquarium,,,,
F1050.50_Amusement Park Structures and Equipment,https://www.desmoinesregister.com/picture-gallery/money/business/development/2021/03/25/waterloo-lost-island-theme-park-set-open-2022-lost-island-roller-coaster/4783745001/,,,,
F1050.50_Amusement Park Structures and Equipment,https://www.tampabay.com/life-culture/entertainment/theme-parks/2022/01/21/tampas-adventure-island-water-park-getting-its-biggest-makeover-in-30-years/,,,,
F1050.50_Amusement Park Structures and Equipment,https://www.cbnme.com/on-site/ceo-of-dpr-talks-about-the-upcoming-theme-park/,,,,
F1050.50_Amusement Park Structures and Equipment,https://global.chinadaily.com.cn/a/201909/17/WS5d80c7e4a310cf3e3556bff6.html,,,,
F1050.50_Amusement Park Structures and Equipment,https://www.themeparx.com/qiddiya-water-theme-park/?page=5,,,,
F1050.60_Ice Rinks,https://www.rinktec.com/white-bear-lake-sports-center/wb1/,,,,
F1050.60_Ice Rinks,https://www.veronaice.com/rink2,,,,
F1050.60_Ice Rinks,https://www.rrstar.com/story/entertainment/2021/09/03/watch-how-make-floor-pro-ice-hockey-rink-rockford/5703672001/,,,,
F1050.60_Ice Rinks,https://www.rrstar.com/story/entertainment/2021/09/03/watch-how-make-floor-pro-ice-hockey-rink-rockford/5703672001/,,,,
F1050.60_Ice Rinks,https://www.theintelligencer.net/news/top-headlines/2020/08/construction-on-schedule-at-new-wheeling-park-memorial-ice-rink/,,,,
F1050.70_Animal Containment,,,,,
F1060_Athletic and Recreational Special Construction,,,,,
F1060.10_Indoor Soccer Boards,,,,,
F1060.20_Safety Netting,,,,,
F1060.30_Arena Football Boards,,,,,
F1060.40_Floor Sockets,,,,,
F1060.50_Athletic and Recreational Court Walls,,,,,
F1060.60_Demountable Athletic Surfaces,,,,,
F1080_Special Instrumentation,,,,,
F1080.10_Stress Instrumentation,,,,,
F1080.20_Seismic Instrumentation,,,,,
F1080.40_Meteorological Instrumentation,,,,,
F1080.60_Earth Movement Monitoring,,,,,
F20_Facility Remediation,,,,,
F2010_Hazardous Materials Remediation,,,,,
F2010.10_Transportation and Disposal of Hazardous Materials,,,,,
F2010.20_Asbestos Remediation,,,,,
F2010.30_Lead Remediation,,,,,
F2010.40_Polychlorinate Biphenyl Remediation,,,,,
F2010.50_Mold Remediation,,,,,
F30_Demolition,,,,,
F3010_Structure Demolition,,,,,
F3010.10_Building Demolition,https://www.istockphoto.com/photo/demolition-gm170618954-6757634,,,,
F3010.10_Building Demolition,https://www.livescience.com/building-demolition,,,,
F3010.10_Building Demolition,https://www.onlinesafetytrainer.com/10-demolition-operations-safety-tips/,,,,
F3010.10_Building Demolition,https://www.industrytap.com/how-to-manage-construction-and-demolition-waste-in-your-project/56502,,,,
F3010.10_Building Demolition,https://housing.com/news/demolition-of-building-everything-you-need-to-know-about-it/,,,,
F3010.10_Building Demolition,https://www.adicolorado.com/blog/here-are-the-challenges-to-utility-demolition/,,,,
F3010.10_Building Demolition,https://www.completehome.com.au/new-homes/guide-understanding-demolition-process.html,,,,
F3010.10_Building Demolition,https://sunesisenvironmental.com/selective-demolition/,,,,
F3010.10_Building Demolition,https://ecgcorp.net/4-stage-guide-for-demolition-projects/,,,,
F3010.10_Building Demolition,https://www.cdrecycler.com/article/alpine-high-reach-demolition-project-rockford-illinois/,,,,
F3010.30_Tower Demolition,https://www.fox61.com/article/news/local/outreach/awareness-months/poof-theyre-gone-power-plant-towers-demolished-in-seconds/520-4b835b33-72a5-46fa-8972-119166c18596,,,,
F3010.30_Tower Demolition,https://www.constructionjunkie.com/blog/2018/6/19/video-simultaneous-demolition-of-two-462-feet-tall-cooling-towers,,,,
F3010.30_Tower Demolition,https://www.cbs58.com/news/down-it-goes-downtown-transit-center-clock-tower-demolished,,,,
F3010.30_Tower Demolition,https://www.bemidjipioneer.com/news/old-concrete-water-tower-comes-down-in-park-rapids,,,,
F3010.30_Tower Demolition,https://www.sltrib.com/news/2023/08/30/video-last-guard-tower-old-utah/,,,,
F3010.50_Bridge Demolition,https://sesslerwrecking.com/projects/bridge-demolition-projects/rt-400-east-aurora-new-york/,,,,
F3010.50_Bridge Demolition,https://abcnews.go.com/US/section-yorks-tappan-zee-bridge-demolished-controlled-explosion/story?id=60391695,,,,
F3010.50_Bridge Demolition,https://www.heavyequipmentguide.ca/article/27057/indeco-shears-tackle-bridge-demo-job-in-nyc,,,,
F3010.50_Bridge Demolition,https://qdconstruction.com/spaghetti-bowl-xpress-sbx-mill-street-bridge-demolished/,,,,
F3010.50_Bridge Demolition,https://www.live5news.com/2019/01/23/construction-underway-new-bridge-over-i-that-was-hit-by-truck/,,,,
F3010.70_Dam Demolition,https://www.times-standard.com/2023/06/24/an-emotional-moment-demolition-of-first-klamath-river-dam-begins/,,,,
F3010.70_Dam Demolition,https://www.nps.gov/olym/learn/nature/dam-removal.htm,,,,
F3010.70_Dam Demolition,https://thefranklinnewspost.com/news/demolition-of-old-power-dam-in-rocky-mount-begins/article_5aeb347c-6ee4-11e6-9c82-d7efdd5b2026.html,,,,
F3010.70_Dam Demolition,https://www.thestarpress.com/story/news/local/2019/08/30/demolition-white-river-dam-mcculloch-park-underway/2131867001/,,,,
F3010.70_Dam Demolition,https://riverdesigngroup.com/services/dam-removal/,,,,
F3030_Selective Demolition,,,,,
F3030.10_Selective Building Demolition,,,,,
F3030.30_Selective Interior Demolition,,,,,
F3030.50_Selective Bridge Demolition,,,,,
F3030.70_Selective Historic Demolition,,,,,
F3050_Structure Moving,https://www.wolfehousebuildingmovers.com/,,,,
F3050_Structure Moving,https://www.detroitnews.com/story/news/local/detroit-city/2019/04/01/historic-david-mackenzie-house-begins-move-wayne-state-campus/3313971002/,,,,
F3050_Structure Moving,https://www.wolfehousebuildingmovers.com/project/historic-vautravers-building-relocation/,,,,
F3050_Structure Moving,https://dodsonhousemoving.com/services/construction/,,,,
F3050_Structure Moving,https://en.wikipedia.org/wiki/House_raising,,,,
F3050.10_Structure Relocation,,,,,
F3050.30_Structure Raising,,,,,
G_Sitework,,,,,
G10_Site Preparation,,,,,
G1010_Site Clearing,,,,,
G1010.10_Clearing and Grubbing,https://photodune.net/item/backhoe-digging-soil-at-construction-site-bucket-of-backhoe-digging-soil-clearing-and-grubbing/40269272,,,,
G1010.10_Clearing and Grubbing,https://jejenkins.com/services/demolition-and-clearing,,,,
G1010.10_Clearing and Grubbing,https://nowcivil.com.au/site-clearing/,,,,
G1010.10_Clearing and Grubbing,https://www.mecindustries.com/land-clearning-and-grubbing.htm,,,,
G1010.10_Clearing and Grubbing,http://loseyshaulage.com/grubbing-grading/,,,,
G1010.30_Tree and Shrub Removal and Trimming,https://www.westfalltande.com/land-clearing,,,,
G1010.30_Tree and Shrub Removal and Trimming,https://www.treeyalater.com/tree-service-guide,,,,
G1010.30_Tree and Shrub Removal and Trimming,https://www.deeringstreeservice.com/residential-tree-trimming-removal,,,,
G1010.30_Tree and Shrub Removal and Trimming,https://www.danieldean.com/land-clearing/,,,,
G1010.30_Tree and Shrub Removal and Trimming,https://crowderexcavating.com/services/land-clearing/,,,,
G1010.50_Earth Stripping and Stockpiling,https://www.dsc-civils.co.uk/site-strip,,,,
G1010.50_Earth Stripping and Stockpiling,https://www.perthearthmoving.com/stages-of-earthworks-land-clearing/,,,,
G1010.50_Earth Stripping and Stockpiling,https://swellconstruction.com/excavation-site-clearing-without-setbacks-or-delays/,,,,
G1010.50_Earth Stripping and Stockpiling,https://www.coastalspray.com/construction-site-clearing-best-practices-methods/,,,,
G1010.50_Earth Stripping and Stockpiling,https://edensitedevelopment.com/services/site-clearing-and-earthmoving/,,,,
G1020_Site Elements Demolition,https://bertcoinc.com/demolition-1,,,,
G1020_Site Elements Demolition,https://www.recyclingproductnews.com/article/31453/watch-priestly-demolition-demolish-underground-parking-garage-in-confined-downtown-toronto,,,,
G1020_Site Elements Demolition,https://www.constructionjunkie.com/blog/2015/6/21/what-to-do-if-youve-found-an-underground-storage-tank-on-your-construction-job-site,,,,
G1020_Site Elements Demolition,https://hazelwoodinc.com/underground-utilities-2/,,,,
G1020_Site Elements Demolition,https://www.asbestosremovalpro.com/south-florida/asbestos-pipe-removal,,,,
G1020.10_Utility Demolition,,,,,
G1020.30_Infrastructure Demolition,,,,,
G1020.50_Selective Site Demolition,,,,,
G1030_Site Element Relocations,,,,,
G1030.10_Utility Relocation,,,,,
G1050_Site Remediation,https://www.s-ge.com/en/site-remediation?ct,,,,
G1050_Site Remediation,https://ecgcorp.net/services/soil-remediation/,,,,
G1050_Site Remediation,https://akifer.ca/en/environmental-remediation,,,,
G1050_Site Remediation,https://www.fehrgraham.com/about-us/blog/pfas-remediation-technologies-for-cleaning-up-soil-and-groundwater-fg,,,,
G1050_Site Remediation,https://www.environmental-expert.com/services/delta-remediation-soil-remediation-service-810476,,,,
G1050.10_Physical Decontamination,,,,,
G1050.15_Chemical Decontamination,,,,,
G1050.20_Thermal Decontamination,,,,,
G1050.25_Biological Decontamination,,,,,
G1050.30_Remediation Soil Stabilization,,,,,
G1050.40_Site Containment,,,,,
G1050.45_Sinkhole Remediation,,,,,
G1050.50_Hazardous Waste Drum Handling,,,,,
G1050.60_Contaminated Site Material Removal,,,,,
G1050.80_Water Remediation,,,,,
G1070_Site Earthwork,,,,,
G1070.10_Grading,https://www.bigrentz.com/blog/what-is-grading-in-construction,,,,
G1070.10_Grading,https://farrugiagrading.com/hello-world/,,,,
G1070.10_Grading,https://www.letsrenovate.com/2020/09/14/everything-you-need-to-know-about-grading-and-site-preparation/,,,,
G1070.10_Grading,https://centec-engineering.com/site-development/site-grading/,,,,
G1070.10_Grading,https://www.sikesconcrete.com/grading,,,,
G1070.20_Excavation and Fill,https://theconstructor.org/practical-guide/sequence-of-works-for-excavation-and-backfilling/7370/,,,,
G1070.20_Excavation and Fill,https://safetyculture.com/topics/backfilling/,,,,
G1070.20_Excavation and Fill,https://bartleycorp.com/bartley-corp-blog/backfill-matters/,,,,
G1070.20_Excavation and Fill,https://theconstructor.org/geotechnical/backfilling-types-procedure-foundation/1648/,,,,
G1070.20_Excavation and Fill,https://www.structuralguide.com/backfill-materials/,,,,
G1070.30_Embankments,https://storables.com/diy/building-construction/what-is-embankment-in-construction/,,,,
G1070.30_Embankments,https://theconstructor.org/building/embankment-materials-types-properties-characteristics/2281/,,,,
G1070.30_Embankments,https://www.laterlite.com/applications/geotechnical/embankment-construction-process-lightweight-aggregates/,,,,
G1070.30_Embankments,https://civilengpro.com/embankment-construction/,,,,
G1070.30_Embankments,https://www.tensarcorp.com/applications/structure-foundation-support/embankments,,,,
G1070.35_Erosion and Sedimentation Controls,https://www.landscapesupplyva.com/markets/erosion-sediment-control,,,,
G1070.35_Erosion and Sedimentation Controls,https://www.mullerec.com/erosion-sediment-control/7-effective-erosion-control-measures/,,,,
G1070.35_Erosion and Sedimentation Controls,https://ind-fab.com/temporary-erosion-control-solutions/,,,,
G1070.35_Erosion and Sedimentation Controls,https://en.wikipedia.org/wiki/Sediment_control,,,,
G1070.35_Erosion and Sedimentation Controls,https://rjmengineering.com/services-and-projects/water-resources/erosion-sediment-control/,,,,
G1070.35_Erosion and Sedimentation Controls,https://www.familyhandyman.com/project/how-to-install-a-silt-fence/,,,,
G1070.35_Erosion and Sedimentation Controls,https://www.siltfenceplow.com/,,,,
G1070.40_Soil Stabilization,https://mintekresources.com/soil-stabilization-methods-and-materials/,,,,
G1070.40_Soil Stabilization,https://www.youtube.com/watch?app=desktop&v=lMUdD6VGXKA,,,,
G1070.40_Soil Stabilization,https://www.graymont.com/en/markets/construction-materials/lime-soil-stabilization,,,,
G1070.40_Soil Stabilization,https://graynson.com/soil-stabilization-101-construction-tips-with-gray-son/,,,,
G1070.40_Soil Stabilization,https://medium.com/@SSInnovations/5-reasons-to-construct-roads-with-soil-stabilization-innovations-polymers-f5819ecd6b75,,,,
G1070.45_Rock Stabilization,https://www.matcon.ca/services/rock-stabilization,,,,
G1070.45_Rock Stabilization,https://kan-armcontracting.com/slope-stabilization/,,,,
G1070.45_Rock Stabilization,https://www.matcon.ca/services/rock-stabilization,,,,
G1070.45_Rock Stabilization,https://roadskyguardrail.com/rockfall-netting-slope-stabilization-solutions,,,,
G1070.45_Rock Stabilization,https://hotcore.info/babki/rock-wall-stabilization.htm,,,,
G1070.50_Soil Reinforcement,https://research.engineering.ucdavis.edu/gpa/retaining-structures/reinforced-soil-wall/,,,,
G1070.50_Soil Reinforcement,https://www.maxtulsa.com/webroot/blog/various-applications-of-geotextiles-for-soil-reinforcement/,,,,
G1070.50_Soil Reinforcement,https://globalsynthetics.com.au/terralink-soil-reinforcement/,,,,
G1070.50_Soil Reinforcement,https://enviro-mesh.com/applications/reinforced-soil-structures/,,,,
G1070.50_Soil Reinforcement,https://www.hilfiker.com/eureka-reinforced-soil,,,,
G1070.55_Slope Protection,https://theconstructor.org/geotechnical/slope-stabilization-methods-classification-construction/47087/,,,,
G1070.55_Slope Protection,https://mchem-infratec.com/english/products/civil-engineering-materials_01/,,,,
G1070.55_Slope Protection,https://www.indiamart.com/proddetail/slope-protection-21238543273.html,,,,
G1070.55_Slope Protection,https://www.oe-eng.com/fhwa-road-improvements-slope-stabilization-project,,,,
G1070.55_Slope Protection,https://asiageo2009.com/slope-protection/,,,,
G1070.60_Gabions,https://weinsteinconstruction.com/decorative-gabion/,,,,
G1070.60_Gabions,https://veniceogar.xyz/product_details/21707456.html,,,,
G1070.60_Gabions,https://enviro-mesh.com/applications/mass-gravity-gabion-retaining-wall/,,,,
G1070.60_Gabions,https://www.youtube.com/watch?app=desktop&v=RNxvVRM2pvo,,,,
G1070.60_Gabions,https://www.alamy.com/stock-photo/gabion-wall.html?sortBy=relevant,,,,
G1070.65_Riprap,https://www.terraerosion.com/InstallationofVegetatedRiprap.htm,,,,
G1070.65_Riprap,https://www.terraerosion.com/InstallationofVegetatedRiprap.htm,,,,
G1070.65_Riprap,https://www.youtube.com/watch?v=ZrIats6Bp-s,,,,
G1070.65_Riprap,https://www.linkelconstruction.com/portfolio/rip-rap/,,,,
G1070.65_Riprap,https://www.youtube.com/watch?v=54EQc4VcTI0,,,,
G1070.70_Wetlands,,,,,
G1070.80_Earth Dams,https://legitcivil.com/how-to-build-an-earth-dam-types-of-earth-dams/,,,,
G1070.80_Earth Dams,https://damsafety.org/training-center/virtual-seminar/seepage-through-earth-dams,,,,
G1070.80_Earth Dams,https://www.hydrex.co.za/product/earth-dams,,,,
G1070.80_Earth Dams,https://www.structuralguide.com/types-of-dam/,,,,
G1070.80_Earth Dams,https://www.ptbocanada.com/journal/2018/8/26/update-on-peterborough-earth-dams,,,,
G1070.90_Site Soil Treatment,,,,,
G2010_Roadways,,,,,
G2010.10_Roadway Pavement,https://www.kiwa.com/us/en/markets/construction-and-infrastructure/building-materials/road-construction/,,,,
G2010.10_Roadway Pavement,https://www.tensar.co.uk/resources/articles/what-are-the-different-types-of-road-construction-methods,,,,
G2010.10_Roadway Pavement,https://5.imimg.com/data5/SELLER/Default/2021/12/SA/BZ/VD/94837027/1280px-road-construction-in-progress-500x500.jpg,,,,
G2010.10_Roadway Pavement,https://www.tensarinternational.com/applications/roads-pavements-surfaces,,,,
G2010.10_Roadway Pavement,https://www.topconpositioning.com/solutions/infrastructure/asphalt-paving?product=&_page=1,,,,
G2010.20_Roadway Curbs and Gutters,https://streetsillustrated.seattle.gov/design-standards/roadway-construction/curbs/,,,,
G2010.20_Roadway Curbs and Gutters,https://theconstructor.org/concrete/curb-gutter-types-construction/28701/,,,,
G2010.20_Roadway Curbs and Gutters,https://www.concreteparking.org/images/curbpouringcement.jpg,,,,
G2010.20_Roadway Curbs and Gutters,https://cementech.com/2019/04/16/create-a-curb-with-volumetric-mixer/,,,,
G2010.20_Roadway Curbs and Gutters,https://contourconcrete.ca/concrete-curb-and-gutter/,,,,
G2010.40_Roadway Appurtenances,,,,,
G2010.70_Roadway Lighting,https://cobraelectric.com/electrical-services/street-lighting-installation/,,,,
G2010.70_Roadway Lighting,https://gbdmagazine.com/ameron-poles/,,,,
G2010.70_Roadway Lighting,https://www.augustachronicle.com/story/news/2021/08/13/augusta-commissioners-hold-off-streetlight-fee-increase/8113153002/,,,,
G2010.70_Roadway Lighting,https://www.cityofmlt.com/357/Traffic-Control-Street-Lighting,,,,
G2010.70_Roadway Lighting,https://nal.ltd.uk/sectors/street-lighting,,,,
G2010.80_Vehicle Fare Collection,,,,,
G2020_Parking Lots,,,,,
G2020.10_Parking Lot Pavement,,,,,
G2020.20_Parking Lot Curbs and Gutters,,,,,
G2020.40_Parking Lot Appurtenances,,,,,
G2020.70_Parking Lot Lighting,,,,,
G2020.80_Exterior Parking Control Equipment,,,,,
G2030_Pedestrian Plazas and Walkways,,,,,
G2030.10_Pedestrian Pavement,,,,,
G2030.20_Pedestrian Pavement Curbs and Gutters,,,,,
G2030.30_Exterior Steps and Ramps,,,,,
G2030.40_Pedestrian Pavement Appurtenances,,,,,
G2030.70_Plaza and Walkway Lighting,,,,,
G2030.80_Exterior Pedestrian Control Equipment,,,,,
G2040_Airfields,,,,,
G2040.10_Aviation Pavement,https://ihcscott.com/project/runway-8-26-complex-pavement-rehabilitation-colorado/,,,,
G2040.10_Aviation Pavement,https://www.hdrinc.com/insights/experts-talk-optimizing-airport-construction-safety-and-phasing-plan-process-joe-grubbs,,,,
G2040.10_Aviation Pavement,https://gallagherburk.com/projects/aviation-construction/,,,,
G2040.10_Aviation Pavement,https://www.concreteconstruction.net/projects/infrastructure/detroit-metropolitan-airport_o,,,,
G2040.10_Aviation Pavement,https://www.mccarthyimprovement.com/aviation-market/,,,,
G2040.20_Aviation Pavement Curbs and Gutters,,,,,
G2040.40_Aviation Pavement Appurtenances,,,,,
G2040.70_Airfield Lighting,https://www.aldridgegroup.com/news/2020/7/29/aldridge-crews-busy-working-at-california-airports,,,,
G2040.70_Airfield Lighting,https://www.flashtechnology.com/nigerian-airports-choose-solar-airfield-lighting/,,,,
G2040.70_Airfield Lighting,https://www.foth.com/featured-projects/louisville-muhammad-ali-international-airport-runway-17r-35l-and-taxiway-a-lighting-improvements/,,,,
G2040.70_Airfield Lighting,https://novagrp.com/project/airfield-lighting-modernization-at-mcb-kaneohe-hi/,,,,
G2040.70_Airfield Lighting,https://www.laml.ltd/airfield-ground-lighting-projects-and-services,,,,
G2040.80_Airfield Signaling and Control Equipment,,,,,
G2050_Athletic Recreational and Playfield Areas,,,,,
G2050.10_Athletic Areas,,,,,
G2050.30_Recreational Areas,,,,,
G2050.50_Playfield Areas,,,,,
G2060_Site Development,,,,,
G2060.10_Exterior Fountains,,,,,
G2060.20_Fences and Gates,,,,,
G2060.25_Site Furnishings,,,,,
G2060.30_Exterior Signage,,,,,
G2060.35_Flagpoles,,,,,
G2060.40_Covers and Shelters,,,,,
G2060.45_Exterior Gas Lighting,,,,,
G2060.50_Site Equipment,,,,,
G2060.60_Retaining Walls,,,,,
G2060.70_Site Bridges,,,,,
G2060.80_Site Screening Devices,,,,,
G2060.85_Site Specialties,,,,,
G2080_Landscaping,https://www.realtylandscaping.com/services/landscape-construction/,,,,
G2080_Landscaping,https://www.skylinelandscape.com.au/landscape-construction-enhancement/,,,,
G2080_Landscaping,https://www.mapquest.com/us/massachusetts/contour-landscape-construction-375976622,,,,
G2080_Landscaping,https://madronelandscapes.com/design-build-landscape-construction/,,,,
G2080_Landscaping,https://perficut.com/commercial-services/landscape-construction/,,,,
G2080.10_Planting Irrigation,,,,,
G2080.20_Turf and Grasses,,,,,
G2080.30_Plants,,,,,
G2080.50_Planting Accessories,,,,,
G2080.70_Landscape Lighting,,,,,
G2080.80_Landscaping Activities,,,,,
G30_Liquid and Gas Site Utilities,,,,,
G3010_Water Utilities,https://santabarbaraca.gov/waterdistribution,,,,
G3010_Water Utilities,http://www.acmeundergroundinc.com/services/item/2-water-transmission-pipelines-water-distribution-systems.html,,,,
G3010_Water Utilities,https://www.briceenvironmental.com/projects/design-build-construction-water-distribution-system-wake-island-airfield-wake-island/,,,,
G3010_Water Utilities,"https://www.islipbulletin.net/stories/water-distribution-improvement-set-for-bohemia,93341",,,,
G3010_Water Utilities,https://www.adb.org/results/improved-water-supply-greener-capital-build-more-livable-future-tonga,,,,
G3010.10_Site Domestic Water Distribution,,,,,
G3010.30_Site Fire Protection Water Distribution,,,,,
G3010.50_Site Irrigation Water Distribution,,,,,
G3020_Sanitary Sewerage Utilities,,,,,
G3020.10_Sanitary Sewerage Utility Connection,,,,,
G3020.20_Sanitary Sewerage Piping,https://www.concreteconstruction.net/projects/infrastructure/sanitary-sewer-construction-with-polypropylene-pipe_o,,,,
G3020.20_Sanitary Sewerage Piping,https://theconstructor.org/construction/construction-sewer-sanitary-pipe-methods/18047/,,,,
G3020.20_Sanitary Sewerage Piping,https://www.balkanplumbing.com/slope-pitch-on-a-sewer-line-home-drain-pipe/,,,,
G3020.20_Sanitary Sewerage Piping,https://en.wikipedia.org/wiki/Sanitary_sewer,,,,
G3020.20_Sanitary Sewerage Piping,https://www.mcrsafety.com/blog/sewer,,,,
G3020.20_Sanitary Sewerage Piping,https://theconstructor.org/construction/quality-handling-installation-sewer-pipes/18234/,,,,
G3020.20_Sanitary Sewerage Piping,https://www.cityoforoville.org/services/public-works-department/engineering-division/sanitary-sewers,,,,
G3020.20_Sanitary Sewerage Piping,https://tuckerld.com/land-development-services-blog/understanding-sanitary-sewer-line-connections/,,,,
G3020.40_Utility Septic Tanks,https://www.johnklineseptic.com/what-type-of-septic-system-do-you-have,,,,
G3020.40_Utility Septic Tanks,https://veniceogar.xyz/product_details/8880675.html,,,,
G3020.40_Utility Septic Tanks,https://www.housedigest.com/628101/small-backyard-landscaping-ideas-that-will-transform-your-space/,,,,
G3020.40_Utility Septic Tanks,https://www.hunker.com/13415001/how-do-i-know-if-my-property-has-a-septic-or-a-sewer,,,,
G3020.40_Utility Septic Tanks,https://greenbarexcavation.com/septic-installation-in-bend-oregon/,,,,
G3020.50_Sanitary Sewerage Structures,https://www.youtube.com/watch?app=desktop&v=4hLyQENrR5g,,,,
G3020.50_Sanitary Sewerage Structures,https://www.balkanplumbing.com/new-manhole-connection-house-sewer/,,,,
G3020.50_Sanitary Sewerage Structures,https://www.chw-inc.com/from-the-ground-up-sanitary-sewer-structure-installation/,,,,
G3020.50_Sanitary Sewerage Structures,https://cemcast.com/precast-products/sanitary-manholes/,,,,
G3020.50_Sanitary Sewerage Structures,https://academic-accelerator.com/encyclopedia/sanitary-manhole,,,,
G3020.60_Sanitary Sewerage Lagoons,,,,,
G3030_Storm Drainage Utilities,,,,,
G3030.10_Storm Drainage Utility Connection,,,,,
G3030.20_Storm Drainage Piping,https://www.nationwideconsultingllc.com/stormwater-piping/,,,,
G3030.20_Storm Drainage Piping,https://www.plasticpipe.org/Drainage/Drainage/Applications/Storm-SewersMunicipal-Drainage.aspx,,,,
G3030.20_Storm Drainage Piping,https://www.youtube.com/watch?v=kupaold2jJw,,,,
G3030.20_Storm Drainage Piping,https://www.countymaterials.com/images/stories/2020_June/pipe-fundamentals-webinar.jpg,,,,
G3030.20_Storm Drainage Piping,https://bakercompanyllc.com/wp-content/uploads/2019/05/Drainage-2.jpeg,,,,
G3030.20_Storm Drainage Piping,https://www.snyder-associates.com/projects/stormwater-drainage-improvements/,,,,
G3030.20_Storm Drainage Piping,https://esub.com/blog/different-types-of-drainage-pipe-and-when-to-use-them/,,,,
G3030.20_Storm Drainage Piping,https://www.plasticpipe.org/Drainage/Drainage/Applications/Storm-SewersMunicipal-Drainage.aspx,,,,
G3030.30_Culverts,https://permatile.com/product/storm-structure-systems/,,,,
G3030.30_Culverts,https://www.gemsenvironmental.com/projects/24594-coast-guard-stormwater-drainage,,,,
G3030.30_Culverts,https://www.foleyproducts.com/precast-pipe-products/reinforced-concrete-pipe/,,,,
G3030.30_Culverts,https://m.indiamart.com/proddetail/culvert-drainage-concrete-pipe-18682476948.html,,,,
G3030.30_Culverts,https://thoughtnova.com/understanding-the-benefits-of-concrete-box-culverts,,,,
G3030.40_Site Storm Water Drains,https://goodneighbourplumbing.com.au/drains-storm-water,,,,
G3030.40_Site Storm Water Drains,https://perrycthomas.com/services/storm-drain-construction/,,,,
G3030.40_Site Storm Water Drains,https://withinthegrove.com/installing-a-drainage-system-for-stormwater/,,,,
G3030.40_Site Storm Water Drains,https://en.wikipedia.org/wiki/Storm_drain,,,,
G3030.40_Site Storm Water Drains,https://www.colvilleconstruction.com/storm-drain-project-boise-cascade-kettle-falls/,,,,
G3030.50_Storm Drainage Pumps,https://caliagua.net/belle-terrace-storm-drain-pump-station/,,,,
G3030.50_Storm Drainage Pumps,https://caliagua.net/our-projects/storm-drain-pump-stations/,,,,
G3030.50_Storm Drainage Pumps,https://allpumps.com.au/wp-content/uploads/2021/06/our-solution.png,,,,
G3030.50_Storm Drainage Pumps,https://engineers.decorexpro.com/en/kanaliz/kanal-nasos/kanalizacionnaya-nasosnaya-stanciya.html,,,,
G3030.50_Storm Drainage Pumps,https://www.xylem.com/siteassets/campaigns/oceania/mitch-xr6-099.jpg,,,,
G3030.60_Site Subdrainage,,,,,
G3030.70_Storm Drainage Ponds and Reservoirs,,,,,
G3050_Site Energy Distribution,https://www.achrnews.com/ext/resources/2020/February/Hydronic-Piping-PEX-Tubing.jpg,,,,
G3050_Site Energy Distribution,https://www.pmmag.com/articles/102394-hydronic-heating-provides-superior-comfort,,,,
G3050_Site Energy Distribution,https://www.youtube.com/watch?app=desktop&v=HRzmRbuHLoA,,,,
G3050_Site Energy Distribution,https://arcticmelbourne.com.au/hydronic-heating-highett/,,,,
G3050_Site Energy Distribution,https://www.jlconline.com/jlc-workbooks/radiant-hydronic-heating-workbook/,,,,
G3050.10_Site Hydronic Heating Distribution,,,,,
G3050.20_Site Steam Energy Distribution,,,,,
G3050.40_Site Hydronic Cooling Distribution,,,,,
G3060_Site Fuel Distribution,https://www.bulktransporter.com/equipment/article/21262120/fueled-up-ready-for-anything-understanding-transportable-fuel-tank-benefits,,,,
G3060_Site Fuel Distribution,https://www.facebook.com/handyfuelwa/?paipv=0&eav=AfaNqnvYAqFv31jzG-aQFVKMVrQzbQ5WDI587UDTKwyTjHoG2rVMMyMJ9TungWn2_Z0&_rdr,,,,
G3060_Site Fuel Distribution,https://u-cont.fi/underground-prefabricated-fuel-distribution-systems/?lang=en,,,,
G3060_Site Fuel Distribution,https://www.otsgroup.co.uk/news,,,,
G3060_Site Fuel Distribution,https://www.afcent.af.mil/News/Article/218528/an-ounce-of-prevention-airmen-install-new-fuel-bladder-help-protect-environment/,,,,
G3060.10_Site Gas Distribution,,,,,
G3060.20_Site Fuel-Oil Distribution,,,,,
G3060.30_Site Gasoline Distribution,,,,,
G3060.40_Site Diesel Fuel Distribution,,,,,
G3060.60_Site Aviation Fuel Distribution,,,,,
G3090_Liquid and Gas Site Utilities Supplementary Components,,,,,
G3090.10_Supplementary Components,,,,,
G40_Electrical Site Improvements,,,,,
G4010_Site Electric Distribution Systems,,,,,
G4010.10_Electrical Utility Services,,,,,
G4010.20_Electric Transmission and Distribution,https://www.ecmag.com/magazine/articles/article-detail/connecting-the-world-ec-electric-modernizes-port-of-seattle-s-terminal-5-infrastructure,,,,
G4010.20_Electric Transmission and Distribution,https://undergroundinfrastructure.com/magazine/2010/june-2010-vol-65-no-6/features/underground-electric-transmission-installations-gaining-traction,,,,
G4010.20_Electric Transmission and Distribution,https://goodrwov.live/product_details/47334862.html,,,,
G4010.20_Electric Transmission and Distribution,https://www.clp-engineering.com/apg-electrical-distribution-system-infrastructure-upgrade,,,,
G4010.20_Electric Transmission and Distribution,https://www.cnbc.com/2023/02/21/why-its-so-hard-to-build-new-electrical-transmission-lines-in-the-us.html,,,,
G4010.30_Electrical Substations,https://www.potelco.net/projects/substation-construction-2/,,,,
G4010.30_Electrical Substations,https://www.tep.com/news/tep-upgrades-power-lines-substations-to-strengthen-electric-service-for-customers/,,,,
G4010.30_Electrical Substations,https://www.highvoltageservices.co.uk/our-services/substation-civil-and-electrical-installation-and-construction/,,,,
G4010.30_Electrical Substations,https://www.tescoautomation.com/turn-key-substation-construction/,,,,
G4010.30_Electrical Substations,https://02d8d4f.netsolhost.com/power-and-substations/willett-ave-electrical-substation-construction-project?page=1,,,,
G4010.40_Electrical Transformers,https://electrical-engineering-portal.com/guidelines-for-installing-power-transformers,,,,
G4010.40_Electrical Transformers,https://lovesignsm.live/product_details/1319513.html,,,,
G4010.40_Electrical Transformers,https://freeconsov.live/product_details/83892570.html,,,,
G4010.40_Electrical Transformers,https://paktechpoint.com/power-transformer-installation-procedure/,,,,
G4010.40_Electrical Transformers,https://daelim-electric.com/installation-of-transformers/,,,,
G4010.50_Electrical Switchgear and Protection Devices,,,,,
G4010.70_Site Grounding,https://theconstructor.org/practical-guide/install-electrical-earthing-system-building/554535/,,,,
G4010.70_Site Grounding,https://mccallent.com/how-important-is-it-for-my-house-to-be-grounded/,,,,
G4010.70_Site Grounding,https://studyelectrical.com/2014/05/substation-earthing-system-grounding.html,,,,
G4010.70_Site Grounding,https://www.maltep.com/en/content/27-earthing-and-grounding-substations,,,,
G4010.70_Site Grounding,https://iaeimagazine.org/2018/may2018/the-5-ft-ground-rod-and-its-little-known-use-in-the-nec/,,,,
G4010.90_Electrical Distribution System Instrumentation and Controls,,,,,
G4050_Site Lighting,,,,,
G4050.10_Area Lighting,,,,,
G4050.20_Flood Lighting,,,,,
G4050.50_Building Illumination,,,,,
G4050.90_Exterior Lighting Supplementary Components,,,,,
G50_Site Communications,,,,,
G5010_Site Communications Systems,,,,,
G5010.10_Site Communications Structures,,,,,
G5010.30_Site Communications Distribution,,,,,
G5010.50_Wireless Communications Distribution,,,,,
G90_Miscellaneous Site Construction,,,,,
G9010_Tunnels,,,,,
G9010.10_Vehicular Tunnels,https://resource-erectors.com/career-blog/us-tunnel-industry-costs/concrete-road-tunnel-construction-excavator-3/,,,,
G9010.10_Vehicular Tunnels,https://pdh-pro.com/course/design-and-construction-of-cut-and-cover-road-tunnels/,,,,
G9010.10_Vehicular Tunnels,https://hsseworld.com/tunneling-safety/,,,,
G9010.10_Vehicular Tunnels,https://www.ulmaconstruction.com/en/projects/tunnels,,,,
G9010.10_Vehicular Tunnels,https://www.gf-bridge-tunnel.com/news/highway-tunnel-construction-technology/,,,,
G9010.20_Pedestrian Tunnels,https://www.advanceconcreteproducts.com/project/mis-pedestrian-tunnel/,,,,
G9010.20_Pedestrian Tunnels,https://turn-keytunneling.com/project/pedestrian-tunnel-delaware-pa/,,,,
G9010.20_Pedestrian Tunnels,https://www.liberty.edu/news/2011/10/25/pedestrian-tunnel-begins-finishing-stage/,,,,
G9010.20_Pedestrian Tunnels,https://westernmechanical.net/projects/super-page.php?id=49,,,,
G9010.20_Pedestrian Tunnels,https://www.gzconsultants.com/projects/grand-rapids-medical-corridor-north-pedestrian-tunnel/,,,,
G9010.40_Service Tunnels,,,,,
G9010.90_Tunnel Construction Related Activities,,,,,
,,,,,
,,,,,
,,,,,
,,,,,
,,,,,
,,,,,
,,,,,
,,,,,
,,,,,
,,,,,
,,,,,
,,,,,
